Date,Dow-style reconstruction,Official DJIA
2019-01-02,100.0,100.0
2019-01-03,97.50223650016837,97.17290867983878
2019-01-04,100.79577775776845,100.37230800763807
2019-01-07,101.51655731952278,100.79288730494362
2019-01-08,102.60343010714507,101.88985027116
2019-01-09,102.89650359980519,102.28250416726797
2019-01-10,103.54255285367208,102.80850227238979
2019-01-11,103.47668909356199,102.78292769136492
2019-01-14,103.04056995230785,102.41409153558334
2019-01-15,103.66669184999266,103.08122251014889
2019-01-16,104.27896783744674,103.68761699199592
2019-01-17,105.0533487602563,104.38554287423321
2019-01-18,106.52235342317209,105.82581761065482
2019-01-22,105.21775789509758,104.53280795430541
2019-01-23,105.78200083529707,105.26585391869592
2019-01-24,105.66899873265794,105.16999734382418
2019-01-25,106.44164283436942,105.957957128904
2019-01-28,105.35506379240599,105.06283006121754
2019-01-29,105.4372989249306,105.28445133237544
2019-01-30,107.01844473018058,107.14727135450326
2019-01-31,107.41293252146647,107.08220968730328
2019-02-01,107.54854677672111,107.35728911114317
2019-02-04,108.35675674043569,108.10892412330512
2019-02-05,109.07182939474602,108.8463036280852
2019-02-06,109.00637056768309,108.7554164026177
2019-02-07,107.88372831216529,107.80977598189618
2019-02-08,107.76222484651566,107.53907192798626
2019-02-11,107.64350635988578,107.3111092984977
2019-02-12,109.36278013411236,108.90729946395444
2019-02-13,109.7249582430636,109.410634324066
2019-02-14,109.13618716851873,108.96568513650024
2019-02-15,110.86584518438646,110.8668879449356
2019-02-19,110.7882255872394,110.901455877155
2019-02-20,111.09688853145764,111.17181692883331
2019-02-21,110.77586062452202,110.72716891395872
2019-02-22,111.52515162910414,111.50322401182939
2019-02-25,111.73162843077294,111.7608186877655
2019-02-26,111.64688927257272,111.61531881429984
2019-02-27,111.4881233633271,111.30340429714869
2019-02-28,111.20804552520175,111.00716749175436
2019-03-01,111.9201996146138,111.47970744419416
2019-03-04,110.84539549240962,110.59446887986765
2019-03-05,110.72083735163305,110.53870173655338
2019-03-06,110.02189468046407,109.96828902539262
2019-03-07,109.05462871874138,109.11063286003208
2019-03-08,108.96315838780812,109.01215775592881
2019-03-11,109.85589082496794,109.87157076198783
2019-03-12,109.40560997046234,109.45942430003493
2019-03-13,110.0834051101243,110.09434652846187
2019-03-14,110.22726206437446,110.12453909075128
2019-03-15,110.9055109866694,110.7196228648634
2019-03-18,111.15620879403116,110.99902746318477
2019-03-19,111.14625518605025,110.88458184054161
2019-03-20,110.59767978169798,110.27758501331225
2019-03-21,111.46896473315518,111.20638486105273
2019-03-22,109.30619542787707,109.23523469509402
2019-03-25,109.49548835070328,109.29738502627941
2019-03-26,110.06351522348484,109.90091000165226
2019-03-27,109.79969810936859,109.76324061815694
2019-03-28,110.25378532905935,110.15675620279798
2019-03-29,111.17921194118769,111.06147896706133
2019-04-01,112.5688422629726,112.47387013182579
2019-04-02,112.41918334244056,112.13424772708734
2019-04-03,112.64368209354174,112.30129817978755
2019-04-04,113.09083665642567,113.01447511246917
2019-04-05,113.41402443824673,113.18734823719859
2019-04-08,112.9467995045134,112.82767275077332
2019-04-09,112.13334292471752,112.01195488265768
2019-04-10,112.26594669461721,112.04013962700598
2019-04-11,112.21331500466307,111.97970430697863
2019-04-12,113.18007210516252,113.13299493235118
2019-04-15,113.0468080744364,113.01506909194342
2019-04-16,113.24844564237291,113.30586805708059
2019-04-17,112.78548526383655,113.29249933595605
2019-04-18,113.37534885663926,113.76366727946943
2019-04-22,113.19897623990845,113.55597524527796
2019-04-23,114.04531576830271,114.17851592973474
2019-04-24,113.73862528303103,113.92434291020662
2019-04-25,113.46583256239032,113.34621683178878
2019-04-26,114.2905552894156,113.69423860824753
2019-04-29,114.25156442330255,113.7416147457496
2019-04-30,114.37943500946464,113.90660718506017
2019-05-01,113.2713608739201,113.20940913682652
2019-05-02,113.02843715065838,112.68533519056493
2019-05-03,113.89851272009298,113.52984014841121
2019-05-06,113.64106848473646,113.24513156436207
2019-05-07,111.62077523233015,111.2174362256369
2019-05-08,111.56528618273391,111.22703192221378
2019-05-09,111.08923960054229,110.63177246403183
2019-05-10,111.67893418469417,111.12011561684977
2019-05-13,109.05443950164458,108.4756688020647
2019-05-14,109.96142113102086,109.36258054800881
2019-05-15,110.36775549267358,109.85931470663897
2019-05-16,111.44198622580777,110.7787782009533
2019-05-17,111.05084719643608,110.35609906071767
2019-05-20,110.72255285220659,109.9958714243586
2019-05-21,111.46825814027045,110.84153087752101
2019-05-22,111.22716755911974,110.41010936333348
2019-05-23,110.13564648097162,109.18447873072442
2019-05-24,110.49567411653592,109.5923334818282
2019-05-28,109.55839001110962,108.57324038809448
2019-05-29,108.57056588540381,107.62508182903848
2019-05-30,108.85811649574259,107.811281845352
2019-05-31,107.33113251185175,106.2913720298412
2019-06-03,107.27238714613571,106.31167608877065
2019-06-04,109.40839277990551,108.50646370973645
2019-06-05,110.55293997430041,109.39478929414742
2019-06-06,111.37622152938289,110.17045956024604
2019-06-07,112.5457430745284,111.29817560459372
2019-06-10,112.64546031398154,111.63544718915945
2019-06-11,112.55941979872154,111.57475252598137
2019-06-12,112.48219740465225,111.38765735750245
2019-06-13,112.96307987069535,111.82429919833686
2019-06-14,112.86426724915883,111.75079632987612
2019-06-17,113.01558863162192,111.84897026128823
2019-06-18,114.4267864412554,113.36103285501254
2019-06-19,114.7770316265985,113.52577431708046
2019-06-20,115.8426580509959,114.59305504140079
2019-06-21,115.67964655329193,114.44725399524398
2019-06-24,115.49528518718618,114.48326922956261
2019-06-25,114.66605836460666,113.71518684209975
2019-06-26,114.43824158043687,113.66635503659039
2019-06-27,114.41538846836997,113.62249258048526
2019-06-28,114.79996424204859,113.93680811325767
2019-07-01,115.39039504949739,114.43996728929937
2019-07-02,115.68305960426301,114.73658892646576
2019-07-03,116.52759502739504,115.5046796798367
2019-07-05,116.229794197938,115.3167228228247
2019-07-08,115.70964185004699,114.8199468346541
2019-07-09,115.68877181966478,114.72292739855814
2019-07-10,115.9650408910611,115.0514984387124
2019-07-11,116.92265328086931,116.02759076487406
2019-07-12,117.75285644019873,117.07250941687529
2019-07-15,117.86897258795025,117.18872024612502
2019-07-16,117.67572623266625,117.08793615138947
2019-07-17,117.10757476615058,116.59200511993575
2019-07-18,117.20688418661037,116.6053738410603
2019-07-19,116.85993202280211,116.31080185137546
2019-07-22,116.81311811384214,116.38662207637655
2019-07-23,117.72229925040051,117.14601228533603
2019-07-24,117.54117314597018,116.80669105328874
2019-07-25,117.05553676240578,116.25418138543621
2019-07-26,117.36292014766853,116.47463979536988
2019-07-29,117.34869456153683,116.5984301373473
2019-07-30,117.40528364103811,116.49849936523673
2019-07-31,116.1982534121777,115.0689329911677
2019-08-01,115.12266165862786,113.86595723766081
2019-08-02,114.7199943589699,113.44443259274132
2019-08-05,111.51597749267776,110.15795252765456
2019-08-06,112.86284032273772,111.49341080164223
2019-08-07,112.74453978661447,111.39725305407931
2019-08-08,114.35673792270194,112.98688434759511
2019-08-09,114.38840635188419,112.59817079419658
2019-08-12,113.10185472144283,110.92338292225352
2019-08-13,114.66157489367501,112.56592021851752
2019-08-14,111.27736515471875,109.1371444227628
2019-08-15,111.78173175895195,109.56535342824456
2019-08-16,113.16480799457496,110.87870897306387
2019-08-19,114.04418702903216,111.94859986070763
2019-08-20,113.33010139561297,111.20608368836156
2019-08-21,114.37252131939641,112.23533299451405
2019-08-22,114.53262717414559,112.44740039863552
2019-08-23,112.12250687216552,109.77742083236602
2019-08-26,113.36139353971046,110.93362279375317
2019-08-27,112.96058278357125,110.41563922857962
2019-08-28,113.95740163263663,111.52159554599054
2019-08-29,115.33900817798325,112.91861017168935
2019-08-30,115.51760523838166,113.09435280289293
2019-09-03,114.27098203815015,111.87248682892346
2019-09-04,115.19024566099614,112.88957210471607
2019-09-05,116.70262890621682,114.48588775879414
2019-09-06,116.87867751920035,114.78276873911125
2019-09-09,116.45135249052066,114.94574499457262
2019-09-10,116.39557933555393,115.26236951797729
2019-09-11,117.28074143095748,116.23729898291472
2019-09-12,117.50982380146381,116.43180634595959
2019-09-13,117.67020917681788,116.59059128146889
2019-09-16,116.80565777234735,115.97936130474703
2019-09-17,117.21606395165523,116.12491137366119
2019-09-18,117.38140473542695,116.28030811639488
2019-09-19,117.28935542774065,116.05632765915617
2019-09-20,116.83164268184818,115.3721971593559
2019-09-23,116.77366037941098,115.43610433123976
2019-09-24,116.118167190672,114.82692400199946
2019-09-25,116.71341260238313,115.52485825014483
2019-09-26,116.38206321460804,115.18393912965276
2019-09-27,115.94057899702699,114.88038215468146
2019-09-30,116.26047203802611,115.29406794372254
2019-10-01,114.85719572089367,113.82149243617334
2019-10-02,112.86614157911197,111.70372136506522
2019-10-03,113.48192715004966,112.2280881181099
2019-10-04,114.99059703533011,113.82441213809605
2019-10-07,114.73261276643782,113.41449100769455
2019-10-08,113.34986213104298,112.06960435529174
2019-10-09,114.1453827666968,112.84904764593804
2019-10-10,114.64158860415182,113.49437706402638
2019-10-11,115.75291851001072,114.86470444292463
2019-10-14,115.72782094368472,114.73950026248036
2019-10-15,116.93574745328384,115.75654370873255
2019-10-16,116.75133303489046,115.65879643863293
2019-10-17,116.81792548618255,115.76117005590518
2019-10-18,115.63333288182943,114.66599739401963
2019-10-21,115.76530141608154,114.91203875088627
2019-10-22,115.62195289323284,114.7426709416457
2019-10-23,115.80217818673943,114.93906063401035
2019-10-24,115.81118952987428,114.81732830542258
2019-10-25,116.24927486695769,115.47067226345918
2019-10-28,116.96143803720754,116.03890147260897
2019-10-29,117.18673609306799,115.95640525295369
2019-10-30,117.88526052718251,116.44996873241853
2019-10-31,117.0983348397024,115.84833445227353
2019-11-01,118.32430402569506,117.13817342945762
2019-11-04,118.41141826986104,117.6296872614409
2019-11-05,118.43468970767579,117.76042130713131
2019-11-06,118.6508568071418,117.76012013444014
2019-11-07,119.25520128656522,118.54071792040257
2019-11-08,119.60242501586427,118.56830031936855
2019-11-11,119.53637366242852,118.61220460501411
2019-11-12,119.7314985162546,118.61220460501411
2019-11-13,120.05852332388076,119.00669900090142
2019-11-14,120.0707587942603,118.99972183355608
2019-11-15,120.95712125225172,119.95460658271477
2019-11-18,120.97257863936396,120.0888041143536
2019-11-19,120.76202971984702,119.6510412418354
2019-11-20,120.34981661073381,119.16732443619009
2019-11-21,119.95518808351828,118.93259378705835
2019-11-22,120.57256160712352,119.40089222409757
2019-11-25,121.38301729409483,120.21837529881978
2019-11-26,121.8524120773078,120.45485442274189
2019-11-27,121.96653599431113,120.6361269191916
2019-11-29,121.56677997987157,120.15386578155359
2019-12-02,120.31140135102531,119.00433981482063
2019-12-03,119.36687652938595,117.80402442008571
2019-12-04,119.69754884552741,118.43354227188783
2019-12-05,119.77787247874922,118.55351775977714
2019-12-06,121.02300352881097,119.99816786612874
2019-12-09,120.60524067010424,119.54644229301175
2019-12-10,120.43396726787626,119.42702732096434
2019-12-11,120.58001890575305,119.55372899895636
2019-12-12,121.49255534024563,120.4992773946889
2019-12-13,121.55245298309131,120.51354126797887
2019-12-16,122.05955590779035,120.9440592640929
2019-12-17,122.23565985179916,121.07799745258099
2019-12-18,122.04893821834501,120.95857411462549
2019-12-19,122.70737615017514,121.5483120734694
2019-12-20,123.02405285530206,121.88296512880362
2019-12-23,123.30524728170464,122.29604857246235
2019-12-24,123.10222810284269,122.14150515235364
2019-12-26,123.51139426679833,122.59528873886028
2019-12-27,123.62326567208993,122.69752850160312
2019-12-30,122.7184756220719,121.91316605700112
2019-12-31,123.0626488175427,122.23998025645692
2020-01-02,124.3220426640212,123.65503177999335
2020-01-03,123.27452778301723,122.65307206602375
2020-01-06,123.74407163933778,122.94648119448436
2020-01-07,123.35828172148422,122.43375978549811
2020-01-08,124.13917920633249,123.12513516170254
2020-01-09,124.98895835959961,124.03239279611654
2020-01-10,124.50593284994595,123.46214740311756
2020-01-13,124.88943011209854,123.81886972398777
2020-01-14,125.09426184256172,123.95858875496464
2020-01-15,125.62938392088262,124.34644898573822
2020-01-16,126.67554786522619,125.49190075523235
2020-01-17,126.90630302020874,125.70803399068456
2020-01-21,126.28710862146949,125.05670621649715
2020-01-22,126.12162109790839,125.01485994424122
2020-01-23,125.9946597007834,124.90272331223034
2020-01-24,124.8815077053734,124.17301534516692
2020-01-27,122.99344457811577,122.2286779146301
2020-01-28,123.84620612140345,123.02987256630504
2020-01-29,123.82532477920375,123.07955769443939
2020-01-30,124.32010999429035,123.6149339825278
2020-01-31,122.03995348322478,121.03032014238775
2020-02-03,122.90497661368173,121.64618483219034
2020-02-04,124.7167231928489,123.39301990458682
2020-02-05,126.55533008519801,125.46281249281054
2020-02-06,126.88487997976672,125.84368719033068
2020-02-07,125.744761812212,124.65608797588945
2020-02-10,126.677271586994,125.40272017501479
2020-02-11,126.86002270428047,125.40066216162516
2020-02-12,127.82810679422712,126.57892502264023
2020-02-13,127.29516181095295,126.03018837933537
2020-02-14,127.31590732947184,125.92211757865522
2020-02-18,126.8397035962523,125.21155080929704
2020-02-19,127.47247370424509,125.70773281799339
2020-02-20,126.98169337742301,125.15925551783926
2020-02-21,125.8963980084235,124.18449337106358
2020-02-24,121.81961643028762,119.76575457353738
2020-02-25,118.10507407084324,115.99880367514342
2020-02-26,117.5807188096558,115.46865607960999
2020-02-27,112.47084837004601,110.36740976845257
2020-02-28,110.88760102286572,108.83705093373992
2020-03-02,116.13729385029099,114.37953196927202
2020-03-03,112.8593250969905,111.01320767739385
2020-03-04,118.10068578155571,116.03949545208322
2020-03-05,114.10786425166162,111.88644952952224
2020-03-06,112.77793710224837,110.78777155214785
2020-03-09,104.48612488324322,102.16214384760661
2020-03-10,109.66587005695814,107.1614097391719
2020-03-11,103.53267966329845,100.8865687437125
2020-03-12,93.30776823280658,90.80956474271696
2020-03-13,101.65718416995882,99.3120044506631
2020-03-16,88.50255856453252,86.4743930010813
2020-03-17,92.92671388658935,90.96702786474836
2020-03-18,87.16320434563491,85.2339379793404
2020-03-19,88.57284064687383,86.04036132357032
2020-03-20,84.58743097730739,82.12877224024378
2020-03-23,82.2044287451227,79.63564797095357
2020-03-24,91.76054932455231,88.68627217227078
2020-03-25,93.47655441334356,90.80927193593388
2020-03-26,99.11792431148646,96.59872294413037
2020-03-27,95.40910386231279,92.6777891414696
2020-03-30,98.52800705236503,95.63630051178443
2020-03-31,96.44595445573297,93.87875707703537
2020-04-01,92.03097566482383,89.70827660201911
2020-04-02,94.37310991051208,91.72114755161242
2020-04-03,92.55232760435256,90.17524485967235
2020-04-06,99.4318639661328,97.14622143303822
2020-04-07,99.33477999908064,97.03429394872953
2020-04-08,102.94887425149074,100.37406484833654
2020-04-09,104.23360303507596,101.59823981293829
2020-04-13,102.73449568818711,100.1907343384972
2020-04-14,105.21376976988226,102.58508233099298
2020-04-15,103.38330835493679,100.67723699153579
2020-04-16,103.72931656190218,100.82000121305667
2020-04-17,107.10965020902984,103.83894790339886
2020-04-20,104.87406408735691,101.30299018469833
2020-04-21,101.82196083653028,98.59780687719474
2020-04-22,103.56980555319888,100.5550361720951
2020-04-23,103.86864867999181,100.72396895411508
2020-04-24,104.97266297831034,101.83768046832354
2020-04-27,106.71211567726341,103.37330145922351
2020-04-28,106.34531143748674,103.23525560986424
2020-04-29,108.73735346291424,105.51531693197053
2020-04-30,107.8600888855083,104.2811196094794
2020-05-01,104.8905821381577,101.61674520162885
2020-05-04,105.06224429030188,101.72841334278681
2020-05-05,105.6987799781692,102.29951205841077
2020-05-06,104.79871353300351,101.36381870240582
2020-05-07,105.85034932686088,102.26867532119859
2020-05-08,107.930537820569,104.21943776914695
2020-05-11,107.87629431260497,103.75113933210773
2020-05-12,105.62129700294338,101.79274717598315
2020-05-13,103.45040873276032,99.57907770046285
2020-05-14,104.94970067104497,101.19547989986008
2020-05-15,105.66315686799926,101.45282359855354
2020-05-18,108.95100310306854,105.35901667116335
2020-05-19,107.30301156551754,103.68632864215037
2020-05-20,108.78461587383967,105.26705860946059
2020-05-21,108.34366299784294,104.8310944071813
2020-05-22,108.48023967180906,104.79271998678186
2020-05-26,110.42477133743914,107.0626752919179
2020-05-27,112.68385165376716,109.43205104877116
2020-05-28,112.29502597976732,108.7997055200353
2020-05-29,112.26226714732327,108.72461312903786
2020-06-01,112.56008080320788,109.11829603184064
2020-06-02,113.58043487785143,110.26465131940827
2020-06-03,115.58887894002486,112.52300311002634
2020-06-04,115.40613659656064,112.57410207662754
2020-06-05,118.78652171314017,116.12568103720528
2020-06-08,120.54237029799407,118.10226904342116
2020-06-09,119.29848622230377,116.81667158163766
2020-06-10,118.37211716794263,115.607438128881
2020-06-11,110.48192311504658,107.63261951222573
2020-06-12,112.3488599699186,109.67735620572604
2020-06-15,113.28900013187653,110.35250172023986
2020-06-16,115.59765319892686,112.609054840619
2020-06-17,115.0836240442799,111.87929667810704
2020-06-18,115.25792728066526,111.7100627233959
2020-06-19,114.63031364216475,110.81639132371672
2020-06-22,115.08697968334249,111.47388477216495
2020-06-23,115.50190833820243,112.03559693891422
2020-06-24,112.5280897825499,108.99373602631914
2020-06-25,113.9790275489563,110.27728384062108
2020-06-26,110.80688933562962,107.1502328859664
2020-06-29,112.98123696155174,109.63564378799953
2020-06-30,114.26632115998666,110.56547264243481
2020-07-01,114.87264527569802,110.23175656880646
2020-07-02,115.35763198706127,110.6274891190908
2020-07-06,117.42677146858445,112.5964139534981
2020-07-07,115.55770136048673,110.89657018683164
2020-07-08,116.38322344685182,111.65514890270659
2020-07-09,115.06600012345599,110.10804988590994
2020-07-10,116.28971556967468,111.6895076872238
2020-07-13,115.91147093428567,111.73448280910462
2020-07-14,118.22585070104932,114.11940242318528
2020-07-15,119.02389726964412,115.09390522681022
2020-07-16,118.55333753297042,114.51398884406156
2020-07-17,118.5697861436756,114.24515875356336
2020-07-20,119.09425909415849,114.28336585580102
2020-07-21,119.52255624324114,114.96669322842484
2020-07-22,120.13150737505877,115.67532747301472
2020-07-23,118.66426323484178,114.1611232068199
2020-07-24,118.08120950626972,113.37967209823249
2020-07-27,118.76954850154772,113.87173808014958
2020-07-28,118.10418824227848,112.99155252430819
2020-07-29,118.84630907599912,113.67813423517822
2020-07-30,117.79144931863868,112.71044128073687
2020-07-31,117.69148663730707,113.20161211048855
2020-08-03,118.58409410549153,114.21282451880343
2020-08-04,119.01302231481023,114.91559426182364
2020-08-05,120.6202621633564,116.51349107253033
2020-08-06,121.35551278041117,117.30788424092978
2020-08-07,121.49531510987717,117.50705978068773
2020-08-10,122.39961460362149,119.0403215855069
2020-08-11,122.02446973371036,118.59258655054786
2020-08-12,123.404980479144,119.83445541075562
2020-08-13,122.97391664234601,119.4912774950798
2020-08-14,122.97496595328164,119.6381912070123
2020-08-17,122.91531697938902,119.26935505123073
2020-08-18,122.9120977643932,118.98305694464487
2020-08-19,122.50973677074151,118.61816113157273
2020-08-20,122.70130511546232,118.81883416887841
2020-08-21,123.01513398525186,119.63523804145726
2020-08-24,124.3118494338122,121.2549029450088
2020-08-25,125.02180145075663,120.99781022355798
2020-08-26,127.14490184948342,121.35538586705317
2020-08-27,127.92576599926515,122.04221855516585
2020-08-28,128.4435234416308,122.7344054244548
2020-08-31,130.29815811839575,121.77571418711608
2020-09-01,131.28212396237902,122.69924351276114
2020-09-02,133.3398845673026,124.64747945646695
2020-09-03,129.4507344356111,121.18752392126844
2020-09-04,128.67860054978908,120.50467340540563
2020-09-08,125.71929906139731,117.79580073243525
2020-09-09,128.030743937171,119.6786738362499
2020-09-10,126.29288982076649,117.94010428104431
2020-09-11,126.78173559472195,118.50148181147007
2020-09-14,128.275468435747,119.9050887727422
2020-09-15,128.3108871945275,119.91480995794039
2020-09-16,128.33539341908684,120.07235673905268
2020-09-17,127.54172848143293,119.51380688556065
2020-09-18,126.28698510098147,118.4662697043279
2020-09-21,124.05112752272022,116.28296010925877
2020-09-22,125.02368566714894,116.8846864143927
2020-09-23,122.45384659684002,114.63572117264934
2020-09-24,122.78814967042639,114.85977692306083
2020-09-25,124.57915863984869,116.39544810940934
2020-09-28,126.49519158823007,118.15204619654446
2020-09-29,125.92813145925558,117.58921299811139
2020-09-30,127.21192649027068,118.99860080187229
2020-10-01,127.38330341839854,119.14937956334143
2020-10-02,126.65825505664239,118.57502650947126
2020-10-05,128.7325659064596,120.57033741798796
2020-10-06,126.9302716213046,118.96031004055374
2020-10-07,129.42330267749236,121.23348622030365
2020-10-08,129.82212370922724,121.7562634508116
2020-10-09,130.782437088895,122.44755516793515
2020-10-12,132.12445535216588,123.52104339605673
2020-10-13,131.39851819567173,122.84552141567897
2020-10-14,130.53011682211164,122.13529764855238
2020-10-15,130.26891150658554,122.05048407235674
2020-10-16,130.70771294432691,122.5306955625132
2020-10-19,128.7089833439034,120.77070928260247
2020-10-20,129.15074504311175,121.25630841756757
2020-10-21,128.68344843747286,120.83667446787595
2020-10-22,129.36035945993456,121.49134023939045
2020-10-23,129.49405872661538,121.37102174926954
2020-10-26,126.64418732757916,118.586036044515
2020-10-27,125.91430983566875,117.63431360861354
2020-10-28,121.77848723735475,113.59409032252667
2020-10-29,122.6078888084164,114.19016127379317
2020-10-30,121.61289674230275,113.51549261604038
2020-11-02,123.46754028220944,115.32928005086472
2020-11-03,125.86326884195404,117.70644446814785
2020-11-04,128.0492169263902,119.28113424981856
2020-11-05,130.48065622690518,121.60493253940865
2020-11-06,130.23340177518045,121.31889377597354
2020-11-09,133.05248925326018,124.8936463019549
2020-11-10,134.15637212278796,126.01994850783572
2020-11-11,134.2653799865646,125.920193419795
2020-11-12,132.82638214622196,124.56039871917947
2020-11-13,134.54252256875756,126.27219736850361
2020-11-16,136.50716079129674,128.2880633131924
2020-11-17,135.9556514625638,127.57235987626822
2020-11-18,134.37020152093464,126.09490704430375
2020-11-19,134.56644282258804,126.28684607356561
2020-11-20,133.57626603448577,125.3455810227741
2020-11-23,135.03308793156663,126.7496146453587
2020-11-24,136.95948401086787,128.6984111049064
2020-11-25,136.2664422655545,127.95409626232141
2020-11-27,136.51819470596521,128.11642834286002
2020-11-30,135.46933918143944,126.95252138012386
2020-12-01,136.2703387033348,127.74613651907113
2020-12-02,136.23668554927895,128.00257669969108
2020-12-03,136.40923202191422,128.3697898693036
2020-12-04,137.36582132124968,129.43523009384458
2020-12-07,136.90803456010258,128.79927885872283
2020-12-08,137.39887520986412,129.24513993027017
2020-12-09,136.85524320738187,128.79508753877076
2020-12-10,136.5763036371385,128.49717755175882
2020-12-11,136.82304692528032,128.6989632548402
2020-12-14,136.1196019419372,127.90732247020168
2020-12-15,137.621226295814,129.35406405357529
2020-12-16,137.5599333785238,129.16229234247518
2020-12-17,138.23255472400174,129.79978290468512
2020-12-18,137.69995989715525,129.26728448897896
2020-12-21,137.9388714011017,129.42747489704703
2020-12-22,137.22347263161296,128.56678190705057
2020-12-23,137.55659657289078,129.05645523925452
2020-12-24,137.92355870721178,129.35645670328842
2020-12-28,138.9233139594755,130.2306940984793
2020-12-29,138.65073508700058,129.93813829264366
2020-12-30,138.88420665654417,130.254637327427
2020-12-31,139.7326601081891,131.09811327857847
2021-01-04,137.8025832608897,129.45934900686214
2021-01-05,138.50828639436844,130.1777044366502
2021-01-06,140.14880440128286,132.05295619819674
2021-01-07,141.1896860805019,132.95987083037912
2021-01-08,141.4557829862471,133.20333548755465
2021-01-11,140.93478825602236,132.82091309703827
2021-01-12,141.0889854889645,133.0779137935001
2021-01-13,140.94255688336503,133.04271005226602
2021-01-14,140.41569374993915,132.74736839903707
2021-01-15,139.83238558690687,131.98810367869893
2021-01-19,140.38723258528978,132.4860843576342
2021-01-20,141.7571875549145,133.5905933729459
2021-01-21,141.74565128406184,133.53760371111682
2021-01-22,141.04477148346223,132.770759478051
2021-01-25,140.93118212794107,132.61235937431374
2021-01-26,140.7217300069494,132.51400975883178
2021-01-27,137.75090573751814,129.79892958206014
2021-01-28,138.9980075847348,131.08474455745392
2021-01-29,136.21264865315868,128.42590001484947
2021-02-01,137.5074745329756,129.40803252665066
2021-02-02,139.6858596818489,131.44506421880197
2021-02-03,139.6236851049285,131.59977495707244
2021-02-04,141.1089362537742,133.02295814327036
2021-02-05,141.53535356918022,133.41865722992233
2021-02-08,142.585164362007,134.43603531249803
2021-02-09,142.42209144515112,134.3935030357789
2021-02-10,142.6299740375253,134.6589449335015
2021-02-11,142.65829751689117,134.6285264916937
2021-02-12,142.7391052327553,134.7471801661051
2021-02-16,142.8784357160456,135.02281173987882
2021-02-17,143.44406965960366,135.40946727988774
2021-02-18,143.21473124061623,134.89683789589046
2021-02-19,142.893624744024,134.90103758175061
2021-02-22,142.83427717485793,135.01826905178706
2021-02-23,142.85343569185713,135.08534690283625
2021-02-24,144.4516811393813,136.90366865984427
2021-02-25,141.9009026734398,134.50563966778978
2021-02-26,140.07585656410112,132.4940068725935
2021-03-01,142.80050447987475,135.0774662174174
2021-03-02,142.07800694703198,134.4607063754494
2021-03-03,141.3179026300045,133.94058113780534
2021-03-04,139.70902046477042,132.45876130181895
2021-03-05,142.2563088874901,134.9095206125518
2021-03-08,143.61812732577576,136.22081814398146
2021-03-09,144.06305598160543,136.35060684205794
2021-03-10,145.9207111223095,138.3392752195528
2021-03-11,146.77052509408182,139.14698691362827
2021-03-12,147.99105811315192,140.4022244949606
2021-03-15,148.79949701618463,141.1510401960969
2021-03-16,148.24491791880277,140.60486352066692
2021-03-17,149.02305151053253,141.41622275066874
2021-03-18,148.31122007197638,140.76056980199988
2021-03-19,147.31410015505915,139.7568532473318
2021-03-22,147.89501443367837,140.19901658750427
2021-03-23,146.77540224685623,138.87953719796457
2021-03-24,146.6683295581008,138.86630233136944
2021-03-25,147.5708497908589,139.7204866448735
2021-03-26,149.63632991351588,141.66254854841037
2021-03-29,150.03946983158212,142.08442456146955
2021-03-30,149.47002200567084,141.63719984690388
2021-03-31,149.04910112022839,141.27135868621778
2021-04-01,154.99000957392659,142.00663834806778
2021-04-05,156.77925553656482,143.60852569693242
2021-04-06,156.4721082321721,143.19324201944656
2021-04-07,156.4254791785568,143.2618759294001
2021-04-08,156.79765447661558,143.50734840451676
2021-04-09,158.28464610112704,144.7796357065323
2021-04-12,158.18633229256423,144.54318168033447
2021-04-13,157.95526459635425,144.25136207441057
2021-04-14,158.02081204058214,144.48103971505716
2021-04-15,159.5457013531786,145.78787821747596
2021-04-16,160.61738724275574,146.4932748556358
2021-04-19,159.99816623372604,145.96623937791108
2021-04-20,158.89137676905918,144.86829760044841
2021-04-21,160.34412854398815,146.2218680654465
2021-04-22,158.97009524253903,144.84515749867714
2021-04-23,160.24913765819258,145.82000330453369
2021-04-26,160.0221106353764,145.55478728632949
2021-04-27,160.07610869909587,145.56917664824076
2021-04-28,159.3593929131825,144.8643488918309
2021-04-29,160.51499952840373,145.8922680185974
2021-04-30,159.7272439681789,145.09767406840385
2021-05-03,160.6679620529752,146.11873315053825
2021-05-04,160.78536605845127,146.2035467267339
2021-05-05,161.09048460285794,146.62035299949176
2021-05-06,162.60878258371932,147.98327654973218
2021-05-07,163.7029074531945,148.9651497183826
2021-05-10,163.42154163381446,148.8154836226892
2021-05-11,161.32380775352243,146.7866337886479
2021-05-12,158.11372155323187,143.8675342113354
2021-05-13,160.15708040961738,145.72560239766926
2021-05-14,161.78349650442286,147.27051791245495
2021-05-17,161.5053053867189,147.037761617632
2021-05-18,160.2019106806381,145.89355636844294
2021-05-19,159.42193152973562,145.18842743934195
2021-05-20,160.35477388239178,145.99416477910864
2021-05-21,160.8634084225903,146.52397773831856
2021-05-24,161.80162414256972,147.32128224273265
2021-05-25,161.50375849646625,146.97210597095776
2021-05-26,161.61758549821784,147.01746592461063
2021-05-27,162.17445752269072,147.62394406553852
2021-05-28,162.44852788095957,147.9015416277129
2021-06-01,162.57700915958682,148.09797314961799
2021-06-02,162.72076991032733,148.20535794583492
2021-06-03,162.60686952808413,148.10538534418393
2021-06-04,163.4462805498614,148.87360995208425
2021-06-07,162.8683962717404,148.33325594868353
2021-06-08,162.86295721091236,148.20296529612176
2021-06-09,162.117162719964,147.54898552907048
2021-06-10,162.27971651424463,147.63078737835446
2021-06-11,162.28547951667895,147.68802692149222
2021-06-14,161.92713987618995,147.32029506557825
2021-06-15,161.44209521077053,146.91585360497436
2021-06-16,160.36170327314383,145.77795625048364
2021-06-17,159.64016388835188,144.87750009934516
2021-06-18,157.38707567341572,142.59288772323902
2021-06-21,160.0470112630379,145.1067427127712
2021-06-22,160.44636366284826,145.4006203320847
2021-06-23,160.11711249173092,145.09504717326422
2021-06-24,161.42662381498147,146.47677728488637
2021-06-25,162.50918041559916,147.49201369499153
2021-06-28,161.8340449022969,146.84706910867524
2021-06-29,161.9377260988538,146.88570287222538
2021-06-30,162.77527230965526,147.7861590233639
2021-07-01,163.6038870452293,148.3473608697198
2021-07-02,164.40903788516326,149.00194298215342
2021-07-06,163.76025223508984,148.10680754855886
2021-07-07,164.36457760568047,148.5540657267569
2021-07-08,163.15731351438143,147.4409983874712
2021-07-09,165.16813230849883,149.3609240982074
2021-07-12,165.7909822288397,149.90070921985816
2021-07-13,165.24255318123292,149.44071812955028
2021-07-14,165.40086582435057,149.6310760021835
2021-07-15,165.65344259335663,149.86147311092566
2021-07-16,164.3826396122299,148.5800335054619
2021-07-19,161.17387680518107,145.47112820544996
2021-07-20,164.00520628723677,147.82675040940663
2021-07-21,165.3081619844718,149.05183725798997
2021-07-22,165.49848225388962,149.16042674497157
2021-07-23,166.82986981557528,150.18071616356187
2021-07-26,167.1225025344013,150.5351964210645
2021-07-27,166.73471300339892,150.16773227420936
2021-07-28,166.1776697350562,149.6212209624559
2021-07-29,166.85271959420962,150.2791494381247
2021-07-30,165.8030534966734,149.64066333285228
2021-08-02,165.43505695657643,149.22385706009442
2021-08-03,166.78776887886545,150.4156475944877
2021-08-04,165.4176308800763,149.02901506072604
2021-08-05,166.62605226327685,150.19227784853942
2021-08-06,167.23950283122323,150.81020055173164
2021-08-09,166.74978811365,150.35333831104865
2021-08-10,167.27119753820406,151.05075387289259
2021-08-11,168.3016036946222,151.99436137794874
2021-08-12,168.49516276876952,152.05810959757892
2021-08-13,168.62688766310433,152.12461856687813
2021-08-16,169.17621508633573,152.5958701694724
2021-08-17,167.76528228171944,151.38746494161643
2021-08-18,165.90346459071554,149.7487006699001
2021-08-19,165.71179086599489,149.46355705863039
2021-08-20,166.89223808527225,150.4314089653254
2021-08-23,167.8836720327621,151.3550386818675
2021-08-24,168.0104925801376,151.48589821617924
2021-08-25,168.15480923722106,151.65396930966617
2021-08-26,167.3572506689773,150.8299440948192
2021-08-27,168.48223909946495,151.86942490656327
2021-08-30,168.4154728945524,151.6297249080273
2021-08-31,168.21319844193647,151.46220596447418
2021-09-01,168.12806637496922,151.25575208467973
2021-09-02,168.71593696705617,151.81810842635178
2021-09-03,168.4000929202712,151.4980120510906
2021-09-07,167.1720489487477,150.34540743018127
2021-09-08,166.70008007976378,150.0501578019413
2021-09-09,166.0217881800231,149.40041118438253
2021-09-10,164.89464385928443,148.23679702842944
2021-09-13,166.08876668031976,149.35864857120748
2021-09-14,164.75304561165842,148.10766087118384
2021-09-15,165.79133102400615,149.12204395866405
2021-09-16,165.51368806968205,148.85189205468794
2021-09-17,164.6634038568156,148.13896609924896
2021-09-20,161.76527994276648,145.50723546475757
2021-09-21,161.5178818577849,145.2903743953017
2021-09-22,163.152554813266,146.74020299875974
2021-09-23,165.54106706690504,148.90971721139186
2021-09-24,165.6336041632865,149.05183725798997
2021-09-27,165.6926954913586,149.35754427133986
2021-09-28,162.76453698094005,146.9186812819081
2021-09-29,163.24494548708253,147.30731117622577
2021-09-30,160.7822394636786,144.96519154792307
2021-10-01,163.14970569826718,147.03207280013217
2021-10-04,161.55312474061296,145.64624339354697
2021-10-05,163.15877858123818,146.98157617891331
2021-10-06,163.81517279571537,147.4198326400087
2021-10-07,165.33240144845956,148.867402448283
2021-10-08,165.16460563840207,148.83017415729162
2021-10-11,163.92941071008386,147.7585180630413
2021-10-12,163.56107712072836,147.25428805076433
2021-10-13,163.60153510842972,147.25201252376442
2021-10-14,165.9130766484904,149.54253123098064
2021-10-15,167.9722033683352,151.17963905289554
2021-10-18,167.90024020246628,151.0247860941876
2021-10-19,168.75770992646594,151.87588338760716
2021-10-20,169.4488533243259,152.52708567317325
2021-10-21,169.59553481562034,152.50026457184327
2021-10-22,169.99835126570608,152.81698112023693
2021-10-25,170.3205293885439,153.0916673463967
2021-10-26,170.8039218178319,153.15904637013705
2021-10-27,169.81831905942482,152.01887348864642
2021-10-28,171.08602684669557,153.0459727564203
2021-10-29,171.23664724366512,153.42752509249556
2021-11-01,171.31276149502693,153.83136420771714
2021-11-02,171.9760165947614,154.42584563644692
2021-11-03,172.5242310562634,154.87537934164487
2021-11-04,172.93628795207616,154.73253982695118
2021-11-05,173.88420573098114,155.6051375041568
2021-11-08,174.40737880341229,156.05175987334016
2021-11-09,174.13256105198914,155.57100459915796
2021-11-10,172.91018769982873,154.5428344951488
2021-11-11,172.20300434699516,153.86302080392193
2021-11-12,173.27315326672436,154.63007418468996
2021-11-15,173.3104786129981,154.5749930458389
2021-11-16,173.85617312923137,154.80958984044122
2021-11-17,172.77934068626226,153.90508458978815
2021-11-18,172.7505486786769,153.64764886610573
2021-11-19,171.6358749793005,152.49556293149786
2021-11-22,171.3389253771985,152.5695342908115
2021-11-23,172.1607721863819,153.4028623954523
2021-11-24,172.18313995605567,153.362505254836
2021-11-26,167.85887659079538,149.48591076504138
2021-11-29,169.4469816441615,150.49935687081575
2021-11-30,166.45236577366038,147.70566225574163
2021-12-01,164.37451683155447,145.72812890191182
2021-12-02,167.45326092980835,148.3741652392336
2021-12-03,167.04678875389226,148.11840269716876
2021-12-06,169.8330930102282,150.8895260922216
2021-12-07,172.27112461205652,152.99863844845868
2021-12-08,172.47923859562462,153.14992753032118
2021-12-09,172.43302120274222,153.14967655307856
2021-12-10,173.3528280101406,154.07615067837057
2021-12-13,171.75664456753788,152.70531297907897
2021-12-14,171.12077173616203,152.24798224754304
2021-12-15,173.09183977351879,153.88957419619308
2021-12-16,172.86344167257187,153.76197736603567
2021-12-17,170.3471751330295,151.4823845347823
2021-12-20,168.1781718686618,149.6264914845513
2021-12-21,170.75941318306238,152.02747364216083
2021-12-22,172.0948928915037,153.14624653076248
2021-12-23,172.94643698017939,153.9886432797706
2021-12-27,174.6944709938789,155.49561103546935
2021-12-28,175.14756854811256,155.90609268171275
2021-12-29,175.556083600915,156.29338403073635
2021-12-30,175.09401846435136,155.90552379996276
2021-12-31,174.78063804989588,155.64947681702296
2022-01-03,175.57342552675883,156.70642564485465
2022-01-04,176.3251054923971,157.6255879664778
2022-01-05,174.31622939733447,155.94420775896145
2022-01-06,173.49281397842782,155.21329510113338
2022-01-07,173.01044945539618,155.19269823542083
2022-01-10,172.22930263470192,154.49541652810632
2022-01-11,173.1710050845969,155.27990446132964
2022-01-12,173.2850204722196,155.44395991893435
2022-01-13,172.12452932598922,154.68709621421743
2022-01-14,170.9364653858074,153.82266366330566
2022-01-18,168.36875260007196,151.49535169231862
2022-01-19,166.64730316950082,150.03978407591225
2022-01-20,165.05451773544686,148.697992809502
2022-01-21,162.62671630767662,146.77040392695724
2022-01-24,163.32218786426705,147.19500722605312
2022-01-25,162.8301962961989,146.90901029215843
2022-01-26,162.2362191849378,146.3537147769126
2022-01-27,161.9174003720579,146.3224095488475
2022-01-28,164.81045794467508,148.74116089523582
2022-01-31,166.79613578199138,150.4818721229119
2022-02-01,168.20975881361178,151.6528482779824
2022-02-02,169.24749330786628,152.61270237654534
2022-02-03,166.38515592803978,150.39321022899583
2022-02-04,166.78892321951477,150.30145294908718
2022-02-07,166.7652679301681,150.30740947564578
2022-02-08,168.5193346800198,151.8993246620696
2022-02-09,170.1059483945078,153.20693282803248
2022-02-10,167.53498647384285,150.95188557110916
2022-02-11,164.85443540844855,148.79508753877076
2022-02-14,164.13666294228688,148.05883743158256
2022-02-15,166.12673376595768,149.86927013726364
2022-02-16,165.99522700049735,149.63552666528628
2022-02-17,162.81744307867052,146.9702654711784
2022-02-18,161.81118610089376,145.97288190893292
2022-02-22,159.39253964882036,143.90586680219437
2022-02-23,157.06203355118726,141.9147639454459
2022-02-24,157.69991270617544,142.30911612089574
2022-02-25,161.711482997342,145.88537451033295
2022-02-28,160.87795880520352,145.17370344110714
2022-03-01,157.9250697694371,142.61375229801038
2022-03-02,160.6812333643207,145.16834925993086
2022-03-03,159.95541958273358,144.75418661412877
2022-03-04,158.9769888426532,143.98378687012556
2022-03-07,154.649921054685,140.568153915977
2022-03-08,153.70920502265182,139.77685613357008
2022-03-09,156.80989317335542,142.57649054338665
2022-03-10,156.34219900610285,142.0959862464471
2022-03-11,155.17386307613242,141.11133559631148
2022-03-14,155.1605310791527,141.1158197230466
2022-03-15,158.25514184318584,143.68197836994463
2022-03-16,160.86339417629938,145.9040137535529
2022-03-17,162.8927204400854,147.69299627089646
2022-03-18,164.4397698045901,148.86735225283448
2022-03-21,163.35187918650107,148.0023675519889
2022-03-22,164.71145542626311,149.092361716768
2022-03-23,162.58266492763062,147.16930715640692
2022-03-24,164.18109980899655,148.66608523605456
2022-03-25,164.71029971815906,149.32270863006164
2022-03-28,165.4324650550003,149.7281372678199
2022-03-29,167.19544345835922,151.17719620773386
2022-03-30,166.56695803209828,150.89713906858162
2022-03-31,164.00906442743786,148.5393417285221
2022-04-01,164.8308030227356,149.1386586521267
2022-04-04,165.57458898495634,149.58245334437632
2022-04-05,164.12137621270818,148.3801217657922
2022-04-06,163.3603042534664,147.76045895371772
2022-04-07,163.72164915692574,148.13336094083002
2022-04-08,164.20003284333512,148.72253838383205
2022-04-11,162.179878328109,146.95333287320838
2022-04-12,161.62230931886072,146.57760320916233
2022-04-13,163.27365037955772,148.05206104603133
2022-04-14,162.4429088632426,147.56650374060666
2022-04-18,162.10933663999268,147.39714429727417
2022-04-19,164.59398604343147,149.5367085589514
2022-04-20,165.53145722050712,150.60578795351066
2022-04-21,163.52157475365934,149.02939989249808
2022-04-22,158.84490439665322,144.8258824464425
2022-04-25,160.09916799339817,145.84558625146664
2022-04-26,156.99321368422284,142.37915550340807
2022-04-27,157.52166835772724,142.64365205351672
2022-04-28,160.51392139451926,145.27560020161837
2022-04-29,155.62300767139905,141.25276963844638
2022-05-02,155.8039707852785,141.61380876788996
2022-05-03,156.05546581274373,141.90203103333604
2022-05-04,160.56262649218453,145.8952630136929
2022-05-05,155.38829846261015,141.3416825096051
2022-05-06,154.85901035132278,140.91935473750917
2022-05-09,151.76062783308137,138.1194526186338
2022-05-10,151.14059251740548,137.75554398271603
2022-05-11,149.50586023492306,136.3564713436276
2022-05-12,149.34435612923357,135.911823328753
2022-05-13,151.62370927442777,137.90940139836152
2022-05-16,151.58081499058483,138.02402270507454
2022-05-17,153.86497211511653,139.8708722086625
2022-05-18,148.34303193481537,134.88283336575122
2022-05-19,147.36769040909059,133.86793995787767
2022-05-20,147.39816542889292,133.90550288519256
2022-05-23,150.18922774162402,136.5540657267569
2022-05-24,150.22175581770549,136.76128927009543
2022-05-25,151.4158476935304,137.58223583076605
2022-05-26,154.02207392262065,139.79634033350692
2022-05-27,156.79861313374312,142.26256820829437
2022-05-31,155.7065750493127,141.30806829090773
2022-06-01,154.9467033908558,140.5503847271982
2022-06-02,157.14492185949578,142.41385729015687
2022-06-03,155.5446537041946,140.92076021006795
2022-06-06,159.49519937345494,140.98964509726414
2022-06-07,160.77697149781662,142.12198748878444
2022-06-08,159.28339005742598,140.96873032704426
2022-06-09,156.06100025118326,138.2354877638137
2022-06-10,151.41577691947734,134.46614421570658
2022-06-13,147.00741534656964,130.7137248996614
2022-06-14,146.00385430151076,130.06304130039675
2022-06-15,147.60630976571647,131.36388981262456
2022-06-16,143.787116402539,128.18796522292007
2022-06-17,143.91069280084315,128.02395159485582
2022-06-21,146.8102745549757,130.77159188590574
2022-06-22,146.73756694679574,130.56976435328394
2022-06-23,147.84193519863263,131.4017120830902
2022-06-24,151.90938864576398,134.92827697848497
2022-06-27,151.39393079288712,134.66091092190214
2022-06-28,148.86151291162605,132.5566340605399
2022-06-29,149.3998199652478,132.90924035463084
2022-06-30,148.16985150204022,131.8217810600024
2022-07-01,150.11118302356667,133.20029029701064
2022-07-05,149.84363000661122,132.6458564702979
2022-07-06,150.19521276469143,132.94508827078772
2022-07-07,151.72276246803654,134.4308568153916
2022-07-08,151.50093776726018,134.23210793694616
2022-07-11,150.74053633681947,133.52830918723112
2022-07-12,149.89797887226783,132.70372345654224
2022-07-13,148.983299725035,131.8104703522675
2022-07-14,148.25798278083516,131.19958337777723
2022-07-15,151.36805961672962,134.01840918074754
2022-07-18,150.27329806349783,133.09470417103262
2022-07-19,153.96097473478792,136.32623695179774
2022-07-20,154.36405620764356,136.53093399089371
2022-07-21,155.41225532491987,137.22509521449143
2022-07-22,154.80645984435674,136.63565842833867
2022-07-25,155.16493221282974,137.02437198173723
2022-07-26,153.91663163738608,136.0456276627117
2022-07-27,155.33872034330295,137.91338357061142
2022-07-28,157.21272425523406,139.33562977510348
2022-07-29,159.06839806699523,140.68701673809062
2022-08-01,158.89119540108553,140.4868540211783
2022-08-02,157.07243566506975,138.7639705436376
2022-08-03,159.09066098717076,140.5472558775733
2022-08-04,159.03437420591877,140.18026022157107
2022-08-05,159.12239127037046,140.5085719185746
2022-08-08,159.2196340131945,140.63309009455568
2022-08-09,158.61961144631042,140.38410393804207
2022-08-10,161.56366054292963,142.67612850871413
2022-08-11,161.56310775734386,142.7924648265852
2022-08-12,163.79138893900176,144.6102260677513
2022-08-15,164.67046401349944,145.25868433546455
2022-08-16,165.62402666457967,146.28484662153258
2022-08-17,164.64889306654456,145.54943310515318
2022-08-18,164.74187366147686,145.6296119682681
2022-08-19,163.17098307679754,144.37758689564157
2022-08-22,160.05045210737796,141.62284394862496
2022-08-23,159.20458979458425,140.96312516862534
2022-08-24,159.58674151862456,141.218586537999
2022-08-25,161.27760373715267,142.6001827950917
2022-08-26,156.2860371268019,138.28093974245553
2022-08-29,155.3517348901835,137.4910474326074
2022-08-30,154.02136340878062,136.17125850446845
2022-08-31,152.56840747768595,134.97003959166003
2022-09-01,153.24159575286987,135.59536612351008
2022-09-02,151.71011494569325,134.14767919252256
2022-09-06,150.82864424014005,133.40606653824997
2022-09-07,153.1709725564546,135.27351290755044
2022-09-08,154.14764967553032,136.1012274878642
2022-09-09,155.9293032722509,137.71686838962543
2022-09-12,157.13375222703928,138.7004482035258
2022-09-13,150.72276550227187,133.2333189021419
2022-09-14,150.8200899408995,133.36232957076618
2022-09-15,149.93981611881398,132.6201564006517
2022-09-16,149.14046043672928,132.0230564426904
2022-09-19,150.12168988506065,132.86798806184916
2022-09-20,148.4877338386777,131.5253769364463
2022-09-21,145.8181389387871,129.2875383524599
2022-09-22,145.13059797437543,128.8287937824571
2022-09-23,142.96621421418533,126.7459336458
2022-09-26,141.3929316971015,125.33414482641787
2022-09-27,140.77834973078185,124.79521302739208
2022-09-28,143.4919413863935,127.14569856378273
2022-09-29,141.19405174062297,125.18336606494873
2022-09-30,138.78367096788222,123.04126693312084
2022-10-03,142.59222798719108,126.31965716508655
2022-10-04,146.66814971773505,129.85525724121632
2022-10-05,146.45575080714548,129.67342422892472
2022-10-06,144.89172441572916,128.18740470707817
2022-10-07,141.59064444808803,125.488253219306
2022-10-10,141.0537504566884,125.08601199252925
2022-10-11,141.07239733892027,125.24153422388424
2022-10-12,140.9127238524956,125.12014489752808
2022-10-13,144.7313501384998,128.66620235876778
2022-10-14,142.610018912811,126.93619949344426
2022-10-17,145.62986354736768,129.2962807264118
2022-10-18,147.3182221638199,130.74396765739934
2022-10-19,146.68647872310427,130.3156749928367
2022-10-20,146.09126218334606,129.92922860052997
2022-10-21,149.755549591665,133.13732847274073
2022-10-24,151.79152929671395,134.9237342903932
2022-10-25,153.58406095154413,136.36774022182206
2022-10-26,153.40931271044641,136.37788806833274
2022-10-27,154.24886923751242,137.20958482089637
2022-10-28,157.88931647291798,140.75842812952936
2022-10-31,157.25973014465137,140.20651244115106
2022-11-01,156.72563319150436,139.86491568210386
2022-11-02,153.98827936013186,137.69994415756352
2022-11-03,153.27306393486418,137.07239229416206
2022-11-04,155.04384962257356,138.7941714718351
2022-11-07,157.08738576040903,140.60936437921825
2022-11-08,158.76601793073098,142.0392653896108
2022-11-09,155.6854974293278,139.26841806952487
2022-11-10,161.96777538928902,144.4145642093903
2022-11-11,161.98737610923325,144.5537227245253
2022-11-14,160.9807301229269,143.64925093750458
2022-11-15,161.27662569546808,143.89007196772434
2022-11-16,161.09127120272643,143.72261995143592
2022-11-17,160.889645781985,143.69046140074582
2022-11-18,161.8588577509812,144.54443656654766
2022-11-21,161.53852069363958,144.3499292035028
2022-11-22,163.45861527119223,146.05393082648897
2022-11-23,164.151252355326,146.46494789085
2022-11-25,164.8186851744637,147.12018254411447
2022-11-28,162.46503824632012,144.98891726326048
2022-11-29,162.27649486544294,145.00206847077476
2022-11-30,166.0987837923936,148.15991433310117
2022-12-01,165.22599464926495,147.32569944220307
2022-12-02,165.5179514247805,147.47504763338918
2022-12-05,163.08694587919234,145.40714574039333
2022-12-06,161.41080260510984,143.90471230687825
2022-12-07,161.38033356190547,143.9114886924295
2022-12-08,162.44088570013682,144.69773346635128
2022-12-09,161.01998192364758,143.391229600256
2022-12-12,163.47274382216858,145.65531203791429
2022-12-13,164.18547878412113,146.09907326653155
2022-12-14,163.21587162166153,145.48960013050817
2022-12-15,159.54139771420472,142.21655571381066
2022-12-16,158.13923970708083,141.00968981304288
2022-12-19,157.20554070564802,140.31183922397835
2022-12-20,157.62857187356826,140.70676028117816
2022-12-21,160.2248969407358,142.9629787652338
2022-12-22,158.5221062767997,141.4681248444464
2022-12-23,159.4039301295516,142.2238842492957
2022-12-27,159.37931187882197,142.38506183451815
2022-12-28,157.69539593402015,140.81801012693174
2022-12-29,159.45810003967762,142.2961489633594
2022-12-30,158.9990124392088,141.98110559658338
2023-01-03,158.98369928428608,141.93450748853348
2023-01-04,159.665138214257,142.5058990109405
2023-01-05,157.56686798886466,141.05088354446795
2023-01-06,160.97681798577776,144.05150053018943
2023-01-09,160.53389958561124,143.5676498700147
2023-01-10,161.3810147646544,144.36629291972284
2023-01-11,163.01822009074655,145.5181278770881
2023-01-12,164.05142771738142,146.44742967931384
2023-01-13,164.7335618162075,146.9299083305621
2023-01-17,163.01989933748473,145.25187448628097
2023-01-18,160.16408975698369,142.62236918334096
2023-01-19,158.68914105518346,141.54124288113508
2023-01-20,160.6168642336012,142.95872888392512
2023-01-23,161.75248135222196,144.0469996716381
2023-01-24,162.36821490093172,144.49419092257142
2023-01-25,162.402515716996,144.53650568568028
2023-01-26,162.73356818057027,145.41703424375328
2023-01-27,163.07138083134106,145.53982904266823
2023-01-30,161.92514805170813,144.4219262085077
2023-01-31,163.81445828345488,146.0022629781378
2023-02-01,164.07961114220598,146.03191175640148
2023-02-02,164.18175320692907,145.8647776446204
2023-02-03,163.22870641410287,145.31681066485962
2023-02-06,163.1632483986214,145.1669270555559
2023-02-07,164.25371463445916,146.30489133731132
2023-02-08,163.20458268780823,145.41532759850335
2023-02-09,161.90761029135274,144.3482058264367
2023-02-10,162.51988208024986,145.0737643030885
2023-02-13,164.33576817155324,146.68712967784978
2023-02-14,163.64898140646687,146.01610019011525
2023-02-15,163.86638953327434,146.1822136611096
2023-02-16,161.67385909805614,144.33523866890036
2023-02-17,162.23105187799757,144.89138750677117
2023-02-21,158.81330891216837,141.90546105565213
2023-02-22,158.5211279096338,141.54351840813501
2023-02-23,159.1691237555049,142.00963334316327
2023-02-24,157.44969280148436,140.5661962934844
2023-02-27,157.89402742991822,140.8753165973342
2023-02-28,156.76582856248217,139.87990738939746
2023-03-01,156.63572629392044,139.90192645948494
2023-03-02,158.36369160405528,141.36567593400136
2023-03-03,160.38611078215578,143.0250370714302
2023-03-06,160.48733972391685,143.19839541882874
2023-03-07,157.7844438568929,140.7355557368169
2023-03-08,157.52044166326644,140.4868540211783
2023-03-09,154.8896528618548,138.1586887275663
2023-03-10,153.1321763999495,136.67999774120483
2023-03-13,152.78310706756224,136.29235502404154
2023-03-14,154.54931790862864,137.73267159000358
2023-03-15,153.27248854312344,136.52977949557757
2023-03-16,155.2562235006931,138.12310015456015
2023-03-17,153.3692221148545,136.47585285204264
2023-03-20,155.13253202995864,138.1146589532994
2023-03-21,156.7520750843077,139.46827961374603
2023-03-22,154.01366334997795,137.1960069520696
2023-03-23,154.26814119176544,137.51786016802927
2023-03-24,154.87648057490588,138.0844580251019
2023-03-27,155.80493139767614,138.9177861297427
2023-03-28,155.48118374026274,138.75574685598716
2023-03-29,157.1031548258502,140.14076476948787
2023-03-30,157.8156260887801,140.74656527186065
2023-03-31,159.9685717855081,142.5246553768737
2023-04-03,161.46764155057423,143.92530917259077
2023-04-04,160.51903651213297,143.07391070648004
2023-04-05,160.71858719678073,143.4180339697698
2023-04-06,160.79004436502635,143.42904350481354
2023-04-10,161.26036092202364,143.86264852101203
2023-04-11,161.68539320808776,144.2835708205492
2023-04-12,161.42582578579317,144.119565558393
2023-04-13,163.39826938319445,145.76090652980042
2023-04-14,162.73719611337557,145.14743448971097
2023-04-17,163.31428290149194,145.5788141743581
2023-04-18,163.27401275858526,145.53362153886695
2023-04-19,163.129673997616,145.19259366156973
2023-04-20,162.57880153170348,144.71975253643876
2023-04-21,162.81112474981708,144.81544179314875
2023-04-24,163.15989345585,145.10001652266848
2023-04-25,161.5075007585588,143.6241030177922
2023-04-26,160.3686261048397,142.64340107627407
2023-04-27,163.01452007863028,144.88911197977123
2023-04-28,164.25805702828328,146.0541818037316
2023-05-01,163.8364527111561,145.85517358213545
2023-05-02,162.22156155374793,144.28246652068157
2023-05-03,160.9835142306956,143.12470850039006
2023-05-04,159.50300039063563,141.89753017478475
2023-05-05,162.18857467605858,144.23898053044041
2023-05-08,161.96790481248524,144.00045175903674
2023-05-09,161.70227781626355,143.75680305188328
2023-05-10,161.71382547815247,143.62624469026272
2023-05-11,160.8039989314591,142.67612850871413
2023-05-12,160.61534607051192,142.63804689509777
2023-05-15,160.84775284854922,142.84356379318638
2023-05-16,159.32502183651107,141.40238553869128
2023-05-17,161.47430829505157,143.15268409703617
2023-05-18,162.24708372519584,143.64587111063705
2023-05-19,161.69008682581207,143.17778182130002
2023-05-22,160.93542715161425,142.5778960159454
2023-05-23,159.74018890305894,141.5881588936923
2023-05-24,158.73989749508448,140.4933794294869
2023-05-25,158.81400751337162,140.34229949532659
2023-05-26,160.57400556759137,141.75018980153973
2023-05-30,160.40687080727344,141.53362990477504
2023-05-31,159.61517639253958,140.95746981475787
2023-06-01,160.66967883963932,141.61410994058113
2023-06-02,163.99349175202667,144.61755460323636
2023-06-05,163.09844897973386,143.76130391043458
2023-06-06,163.11346065021522,143.8059443959919
2023-06-07,163.27208010986888,144.19889109888294
2023-06-08,164.24511743086686,144.92101955321868
2023-06-09,164.40001823720317,145.10593958559474
2023-06-12,165.44935713077552,145.9178342337142
2023-06-13,166.14271974229194,146.54231580884738
2023-06-14,165.00378946086164,145.5451832238445
2023-06-15,167.06808660025865,147.38158370823058
2023-06-16,166.47298927541985,146.91496681871703
2023-06-20,165.5109870720481,145.86447647192924
2023-06-21,165.02984453394748,145.42606942448828
2023-06-22,165.13212176217317,145.40547255877573
2023-06-23,164.085351211864,144.46621532592533
2023-06-26,164.03024770304398,144.4117365324566
2023-06-27,165.3487495623846,145.31992278266836
2023-06-28,164.92457122086626,145.00262062070854
2023-06-29,166.35852389730667,146.15810311400014
2023-06-30,167.86759824705925,147.379626085738
2023-07-03,167.80873596195568,147.42617399833938
2023-07-05,167.10762500204896,146.8700753559171
2023-07-06,165.3301774816708,145.30074812133077
2023-07-07,164.5090860703313,144.49812289937276
2023-07-10,165.3594958893397,145.3955673235996
2023-07-11,166.98082920913575,146.75348806080342
2023-07-12,167.51096106045114,147.12188918936442
2023-07-13,168.03466755604887,147.32625159213688
2023-07-14,168.66538176574988,147.81408442456146
2023-07-17,169.02054067552123,148.14099064900623
2023-07-18,170.72026385584266,149.71117120621756
2023-07-19,171.30223588139498,150.17926049555456
2023-07-20,171.75501029883404,150.8815952113542
2023-07-21,171.75818593100433,150.8923537691553
2023-07-24,172.5742264645209,151.67854834762858
2023-07-25,172.91898867342007,151.79347919294085
2023-07-26,173.37769016431236,152.14493099171565
2023-07-27,172.16094050228887,151.12805486362524
2023-07-28,173.15835175592517,151.88436641840835
2023-07-31,173.56404205008073,152.31373828511434
2023-08-01,173.99963543465728,152.6184915849422
2023-08-02,172.155183389247,151.12720154100026
2023-08-03,171.73504113407054,150.84180695248793
2023-08-04,171.42131267841233,150.19815071601715
2023-08-07,173.38985641818587,151.94364724311956
2023-08-08,172.54110489675628,151.26413472458384
2023-08-09,171.4794549989044,150.44546369091316
2023-08-10,171.7749792268839,150.67157745471428
2023-08-11,172.22495367673875,151.1223995097578
2023-08-14,172.61464402086236,151.23475365537897
2023-08-15,170.9192166017731,149.68744549088012
2023-08-16,169.96624739185054,148.9136491881932
2023-08-17,168.51643312451526,147.66758064212527
2023-08-18,168.6495526046271,147.77822814249652
2023-08-21,168.64028076709008,147.6198782342078
2023-08-22,167.7963535885062,146.87087848309355
2023-08-23,168.74647655332308,147.65966649307407
2023-08-24,166.8986142925007,146.05958618035643
2023-08-25,167.87364616283836,147.1196136623645
2023-08-28,168.87639010191552,148.03231750294376
2023-08-29,170.40632105596097,149.2860157571879
2023-08-30,170.582615333182,149.44692563335153
2023-08-31,169.89050138624745,148.72591821069958
2023-09-01,170.51834153698715,149.22193290123417
2023-09-05,169.4943641454627,148.38350159265974
2023-09-06,168.38951246514387,147.53206966291665
2023-09-07,168.74439134264975,147.77852931518768
2023-09-08,169.11206814444367,148.10346118532368
2023-09-11,169.70680045681132,148.47666434512718
2023-09-12,169.38161505977624,148.40071863150476
2023-09-13,169.22315869583764,148.09892686314
2023-09-14,170.6920987171487,149.51919034741525
2023-09-15,168.99842286082225,148.28185580939115
2023-09-18,169.0049681120111,148.30782358809614
2023-09-19,168.53653792620872,147.8513461791852
2023-09-20,168.08017232576077,147.5221644277405
2023-09-21,166.057664380036,145.93536917706655
2023-09-22,165.62127421726368,145.47884157270707
2023-09-25,165.91388734059333,145.66319272333314
2023-09-26,163.90418962826715,144.0012548862132
2023-09-27,163.4790141304358,143.70737726689967
2023-09-28,164.19173483039,144.2045464527504
2023-09-29,163.43987849694614,143.5241806115897
2023-10-02,163.15161966230227,143.20657727693876
2023-10-03,160.84440003620082,141.3605727300677
2023-10-04,161.72861481532416,141.90529373749035
2023-10-05,161.67278672597615,141.86254394716093
2023-10-06,163.19227807479766,143.09618075381016
2023-10-09,163.99857979389498,143.94030087988438
2023-10-10,164.65483523049392,144.51706331528388
2023-10-11,165.11893101155837,144.79792358161257
2023-10-12,164.09016703301776,144.05377605718934
2023-10-13,164.14002644648596,144.22146231890423
2023-10-16,165.83544019536106,145.56750346662315
2023-10-17,165.80031170996776,145.6236554417095
2023-10-18,163.84607890904934,144.19914207612558
2023-10-19,162.61733490645145,143.12442405951506
2023-10-20,161.18155746354742,141.89557255229215
2023-10-23,160.3990579544095,141.0780058184891
2023-10-24,161.22715040909947,141.95595767687098
2023-10-25,160.68034421052107,141.50428229920252
2023-10-26,159.38793044582252,140.42646889659946
2023-10-27,157.8057377305031,138.85571945763817
2023-10-30,160.30498084260338,141.04609824504163
2023-10-31,160.9287026490027,141.5768481859574
2023-11-01,162.12736987252805,142.52649587665306
2023-11-02,164.9629043950322,144.94444409586495
2023-11-03,166.1953117191283,145.8963840453767
2023-11-06,166.43206799239968,146.044326764004
2023-11-07,166.83486895956256,146.28737312577516
2023-11-08,166.86122347543437,146.11461712375896
2023-11-09,165.70687970207666,145.17087576417342
2023-11-10,167.65179705096534,146.84634964057966
2023-11-13,167.84611044577912,147.080946435182
2023-11-14,170.53108122971366,149.17904925637535
2023-11-15,171.02963098058353,149.8794263496824
2023-11-16,171.19150489805787,149.6834967822626
2023-11-17,171.27620199418214,149.6912603449682
2023-11-20,172.3642854702699,150.5640253403356
2023-11-21,172.02938818499493,150.29524544528593
2023-11-22,173.016580036294,151.086559959509
2023-11-24,173.52029440590272,151.5882132720949
2023-11-27,173.30138551446032,151.34543461938256
2023-11-28,173.5332032305427,151.70314411740716
2023-11-29,173.63505721473572,151.76071829686842
2023-11-30,176.1909056655024,153.99006548414556
2023-12-01,177.72331347297964,155.25197906013204
2023-12-04,177.42701223239538,155.07611094030716
2023-12-05,177.22845752049233,154.73394529950997
2023-12-06,176.93603424152187,154.433559003704
2023-12-07,177.44040454469578,154.70319222137866
2023-12-08,178.06325335109926,155.26213527255084
2023-12-11,178.70363376330286,155.9348714055353
2023-12-12,179.72887307537442,156.67594027578215
2023-12-13,182.2792630273874,158.8702845036193
2023-12-14,183.02263530637077,159.54753822697126
2023-12-15,183.43499122061374,159.7908690296174
2023-12-18,183.53720761342757,159.7945500291761
2023-12-19,184.5676034959734,160.87353465891147
2023-12-20,182.2477751389805,158.83499710330432
2023-12-21,183.82079164908347,160.21574003777206
2023-12-22,183.76948976172034,160.13700011084828
2023-12-26,184.46043162094355,160.81959128356036
2023-12-27,184.9602168987869,161.2958624310074
2023-12-28,185.23254993395432,161.52537275349223
2023-12-29,185.09281359677001,161.4372964731423
2024-01-02,184.89958222011805,161.5465217691386
2024-01-03,183.3396788185478,160.32642100177566
2024-01-04,183.3378810966204,160.36989026020066
2024-01-05,183.5209040781205,160.4802700515131
2024-01-08,184.7388547069224,161.40933760831237
2024-01-09,184.0677571460045,160.73320491664418
2024-01-10,185.02730888951817,161.4638164017811
2024-01-11,185.13721646437222,161.52930473029357
2024-01-12,184.7674396573009,161.02370270909017
2024-01-16,183.62759128192164,160.03056902815337
2024-01-17,183.24822686128445,159.62601044483625
2024-01-18,184.38234049306317,160.49097841386566
2024-01-19,186.26514334780742,162.18371952456545
2024-01-22,186.96506470319162,162.77485459006004
2024-01-23,186.51051978589658,162.3621141486329
2024-01-24,186.073589560898,161.93781202222823
2024-01-25,187.17817600355542,162.97754381121493
2024-01-26,187.6126313871884,163.2358328575223
2024-01-29,188.9494065945978,164.1953857833941
2024-01-30,189.5063863914193,164.7687516601099
2024-01-31,187.80515096585023,163.41089785017076
2024-02-01,189.7734402384341,164.9937611240434
2024-02-02,190.9488021731609,165.57022238675174
2024-02-05,189.59162568019283,164.39529752306376
2024-02-06,190.2053103537768,165.00026980053585
2024-02-07,191.11634573797798,165.66847161133666
2024-02-08,191.41048933350746,165.87822165891774
2024-02-09,191.34259405495467,165.6441937460654
2024-02-12,191.73778953042398,166.18255666334122
2024-02-13,189.20037989057778,163.93539009183675
2024-02-14,190.1265825844949,164.5844005094838
2024-02-15,191.65176932327023,166.07865208488886
2024-02-16,190.85350764297667,165.45699818668942
2024-02-20,190.30797425377398,165.18206098328702
2024-02-21,190.67731550770202,165.3895355038682
2024-02-22,193.52639608803187,167.34647199198545
2024-02-23,193.86340556933794,167.61384641447637
2024-02-26,194.8245810965774,167.34699067828691
2024-02-27,194.51481338702538,166.932275882551
2024-02-28,194.49716400680813,166.83208576728973
2024-02-29,194.7785997381821,167.03499250205488
2024-03-01,195.3918865508909,167.42472669624016
2024-03-04,194.9839486078168,167.00688305087937
2024-03-05,193.03356709786115,165.27368440866624
2024-03-06,193.53756636235514,165.59861627880224
2024-03-07,194.47955893196738,166.1567394709818
2024-03-08,193.94211970814456,165.86264433805798
2024-03-11,194.04945377037643,166.06382769575703
2024-03-12,195.3957365928299,167.07396090192856
2024-03-13,195.38554945284312,167.23600854159216
2024-03-14,194.6245588765647,166.64636260773722
2024-03-15,193.70345867399016,165.82871221485325
2024-03-18,194.1122784369775,166.15279076236428
2024-03-19,195.7225806902163,167.5248833478691
2024-03-20,197.73866802635192,169.244077459943
2024-03-21,199.24950113629362,170.39733462168317
2024-03-22,197.75648962585532,169.0888898649115
2024-03-25,197.02435566534513,168.3938836845969
2024-03-26,196.81068405455161,168.25976144613088
2024-03-27,199.0617641302267,170.30612949170833
2024-03-28,199.2905104071795,170.50870159014997
2024-04-01,198.29728098747162,169.4784734727512
2024-04-02,196.23732024387343,167.7796419809634
2024-04-03,196.12222423805443,167.59503985309465
2024-04-04,193.38884758276075,165.32418102988512
2024-04-05,195.01481082911525,166.6394189040242
2024-04-08,194.97506654506637,166.59128146888614
2024-04-09,194.92323211723127,166.55217921448306
2024-04-10,192.61832817136607,164.74392164490484
2024-04-11,192.6764320312926,164.73349772342726
2024-04-12,190.36768238808818,162.6953115359598
2024-04-15,188.9794396048894,161.63248984065038
2024-04-16,189.1748577554302,161.906021571494
2024-04-17,188.92735556961898,161.7104433722139
2024-04-18,189.05705020829444,161.80497813360773
2024-04-19,189.7053145001835,162.70884757524612
2024-04-22,191.101035240426,163.79502688593712
2024-04-23,192.2429596527041,164.92459179597225
2024-04-24,191.9842568853295,164.7413951406623
2024-04-25,190.32470311527925,163.1346221014743
2024-04-26,191.34228864555007,163.79365487701068
2024-04-29,192.02896120694183,164.42086373818054
2024-04-30,189.12577282929658,161.9786376536974
2024-05-01,189.54169246924104,162.35286145428762
2024-05-02,191.21026565057332,163.73368804783627
2024-05-03,193.6381834461492,165.661276930381
2024-05-06,194.68954381091456,166.417672144245
2024-05-07,194.88379402307794,166.55470571872561
2024-05-08,195.7174025195134,167.29199319851674
2024-05-09,197.25627640665135,168.71136989653462
2024-05-10,197.90495241353062,169.247122650487
2024-05-13,197.35702911691862,168.89876623770473
2024-05-14,197.9081218669095,169.44102766814953
2024-05-15,199.75807489940365,170.9397299066574
2024-05-16,199.47673294057813,170.77430244012623
2024-05-17,199.99861111587566,171.34917418029787
2024-05-20,199.0322501404667,170.5061248904589
2024-05-21,199.40713197834734,170.78976263827278
2024-05-22,198.39808944459315,169.92474447379485
2024-05-23,195.7296079769211,167.3299911530522
2024-05-24,195.84171979513818,167.3485300053751
2024-05-28,194.92613644477856,166.42019864848754
2024-05-29,192.92669577540548,164.65837186879747
2024-05-30,191.34279108347224,163.24461706101465
2024-05-31,194.07806993603128,165.70685439764415
2024-06-03,193.7072980857155,165.2130315750286
2024-06-04,194.5679338985768,165.81380416664052
2024-06-05,195.24403592529362,166.22517259914125
2024-06-06,195.45698795365843,166.56288757683564
2024-06-07,194.64716402569059,166.1894501716057
2024-06-10,198.49361816603206,166.4852184861471
2024-06-11,197.97167860737673,165.9685734662676
2024-06-12,198.0460910397327,165.81775287525804
2024-06-13,197.9232298095333,165.53886696323812
2024-06-14,197.63803927620657,165.29068393390097
2024-06-17,198.68218313639898,166.09998515051313
2024-06-18,199.02192747001178,166.34309843954898
2024-06-20,200.39710915858214,167.62768362645383
2024-06-21,200.3259365764717,167.6943599139148
2024-06-24,201.29366110989744,168.81181098903858
2024-06-25,199.95478455187745,167.53087333806008
2024-06-26,200.11685542998896,167.5978675300284
2024-06-27,200.224680139286,167.7531722477731
2024-06-28,200.02333509813147,167.55956840280174
2024-07-01,200.23127963623472,167.776563326787
2024-07-02,200.91601480512165,168.47188741160895
2024-07-03,201.05183312785198,168.3697229420389
2024-07-05,201.25034047522666,168.66043824809518
2024-07-08,201.24030904060882,168.52730318678354
2024-07-09,201.06447384109697,168.301055568453
2024-07-10,203.4441770152063,170.1402837297728
2024-07-11,203.6565927799234,170.27902394950337
2024-07-12,205.00559201712485,171.33764595895266
2024-07-15,205.99373139781676,172.24066207796608
2024-07-16,209.73423315272768,175.42216672836523
2024-07-17,210.59991248770646,176.46557951691065
2024-07-18,208.1154985832168,174.18230568609857
2024-07-19,206.16329392844412,172.56539316630798
2024-07-22,206.94470945562801,173.11327648698787
2024-07-23,207.36564930114957,172.8676199618933
2024-07-24,204.3285911311048,170.7078771299079
2024-07-25,205.05552770041433,171.05568139275638
2024-07-26,208.4498701793472,173.85814347950665
2024-07-29,208.28861746487303,173.64650273669767
2024-07-30,208.99532483497669,174.51772840497688
2024-07-31,209.8195536235986,174.9437539084477
2024-08-01,207.25053997094318,172.82426782618154
2024-08-02,204.4114840834913,170.2083989534249
2024-08-05,199.00430341852072,165.7794537480314
2024-08-06,200.6764913861699,167.04043034231205
2024-08-07,199.2687494820764,166.03722410803735
2024-08-08,202.80155431062934,168.96291602092313
2024-08-09,203.1634167638623,169.181584126526
2024-08-12,202.5695038335905,168.57965703959795
2024-08-13,204.91089486124133,170.3299555979428
2024-08-14,206.26323819347607,171.36973758237806
2024-08-15,209.18069904005645,173.7455718202752
2024-08-16,209.63130163058983,174.1597846615258
2024-08-19,210.9893441638789,175.17395023539575
2024-08-20,210.62691723362502,174.91025681246353
2024-08-21,210.99645127705526,175.14806611577163
2024-08-22,210.03788412579604,174.38688560248133
2024-08-23,212.4353973639489,176.36706258326694
2024-08-26,212.71698659220075,176.64737069966182
2024-08-27,212.8074428805819,176.69012048999124
2024-08-28,212.0304287189944,176.00873400804383
2024-08-29,212.8889631550987,177.05228065111862
2024-08-30,214.27752098080728,178.0290004203869
2024-09-03,210.82071121002454,175.34699067828691
2024-09-04,210.94591077960084,175.50992510420784
2024-09-05,209.8457265981686,174.57093558041623
2024-09-06,207.78596209847805,172.81330848658632
2024-09-09,210.31597799472468,174.8872171015893
2024-09-10,210.1905574213384,174.49045554461017
2024-09-11,211.04420766109277,175.02480282600376
2024-09-12,212.35303511230012,176.03163986438864
2024-09-13,213.83213828399988,177.3038435073233
2024-09-16,214.92457348137725,178.2817177719077
2024-09-17,214.7317315587737,178.21361928007178
2024-09-18,214.09854009155168,177.77210011482208
2024-09-19,216.85901290465495,180.00839100581223
2024-09-20,216.9612522559817,180.17187758166696
2024-09-23,217.3391797057912,180.43439977746684
2024-09-24,217.82564687722407,180.79236025273408
2024-09-25,216.46830915047792,179.53533236707094
2024-09-26,217.76254731279198,180.65054137882714
2024-09-27,218.29652580796292,181.24117448983648
2024-09-30,218.37751550323944,181.31462716284867
2024-10-01,217.39038783157753,180.57283882450625
2024-10-02,217.57307536417252,180.74224846328727
2024-10-03,216.65444684535527,179.9501308218877
2024-10-04,218.27809477059733,181.41143745124245
2024-10-07,216.35359845331192,179.70447429679314
2024-10-08,217.31702124902705,180.244744641113
2024-10-09,219.55557831696964,182.0935601331016
2024-10-10,219.26529424723543,181.84564481282325
2024-10-11,221.3120447936017,183.60069520696211
2024-10-14,222.5655740298206,184.4631868671975
2024-10-15,220.98101061014637,183.0719698158036
2024-10-16,222.7704242715895,184.5166450198795
2024-10-17,223.57164120555765,185.20776941884128
2024-10-18,223.74547607151962,185.3656508362771
2024-10-21,222.07495091758304,183.8908583630846
2024-10-22,221.40677633325555,183.8621131028944
2024-10-23,219.36920601057108,182.1061926543144
2024-10-24,218.70374106174103,181.50399785832752
2024-10-25,217.43048720510834,180.39049549182127
2024-10-28,218.8398178094872,181.56058486063444
2024-10-29,218.08233204997754,180.8987244081643
2024-10-30,217.61325735595005,180.50674815061146
2024-10-31,215.49221380919332,178.8873091265783
2024-11-01,216.90374096545804,180.12404131922005
2024-11-04,216.25607308044744,179.02069516513257
2024-11-05,218.54571592627275,180.85087141390122
2024-11-06,226.03525985435402,187.31037309858596
2024-11-07,226.18357661684863,187.3078465943434
2024-11-08,227.52527033558422,188.42001041555557
2024-11-11,229.0906710604197,189.72274962301125
2024-11-12,227.0946896696554,188.08587604652283
2024-11-13,227.34083652054795,188.28809677682477
2024-11-14,226.27093411349077,187.40002216965644
2024-11-15,224.68916294756073,186.0898707676348
2024-11-18,224.40245527592995,185.8526303460767
2024-11-19,223.77843151815532,185.33580127621929
2024-11-20,224.50422540421434,185.9334450182063
2024-11-21,226.8984811749956,187.91184842647726
2024-11-22,229.10109930561663,189.7372393758196
2024-11-25,231.3785020151961,191.62216212711579
2024-11-26,232.02000159760738,192.15217586811983
2024-11-27,231.3050919365687,191.5600034300223
2024-11-29,232.27621985576948,192.36779878317867
2024-12-02,231.6150635700031,191.81675314924152
2024-12-03,231.2243247030712,191.48921111578207
2024-12-04,232.81768611553875,192.81065649372243
2024-12-05,231.53735916500776,191.746981475788
2024-12-06,230.89892386906772,191.2193101890486
2024-12-09,229.65468505469204,190.18878089895864
2024-12-10,228.84890552804896,189.52871075081933
2024-12-11,228.3345683060606,189.10350510634115
2024-12-12,227.12232425820775,188.09932842672825
2024-12-13,226.67655301264594,187.73069305274078
2024-12-16,226.08823187970773,187.25704880043335
2024-12-17,224.70706146172725,186.11090266056792
2024-12-18,218.89958409215652,181.30058916907709
2024-12-19,218.97916939873627,181.3664121339131
2024-12-20,221.55700546516678,183.49961830544348
2024-12-23,221.90473849724734,183.78526387119848
2024-12-24,223.9227026595041,185.45611976634018
2024-12-26,224.06633921981964,185.5793495924757
2024-12-27,222.3421527856564,184.15046922286987
2024-12-30,220.17914560893115,182.35797302412936
2024-12-31,220.02756785563972,182.23156415292044
2025-01-02,219.24091676156246,181.58071323549404
2025-01-03,221.00006359281335,183.0364481700622
2025-01-06,220.87632199229674,182.92692170137474
2025-01-07,219.95502636207962,182.16363297924627
2025-01-08,220.50942189147028,182.62126488347334
2025-01-10,216.90286909996033,179.63684429581014
2025-01-13,218.7596405674692,181.1731596570814
2025-01-14,219.90669505224292,182.12046489351243
2025-01-15,223.5487263058464,185.13281088237324
2025-01-16,223.18846980553272,184.83973639023614
2025-01-17,224.92289507041252,186.27336859563593
2025-01-21,227.7058299623366,188.5777245148296
2025-01-22,228.3878573181874,189.13850806578114
2025-01-23,230.4989356464211,190.88756846972902
2025-01-24,229.7768572730133,190.28438649658776
2025-01-27,231.26834018149637,191.52367865710443
2025-01-28,231.98616918258224,192.10952646868745
2025-01-29,231.2765500052715,191.52342767986178
2025-01-30,232.14468006474223,192.2456397932784
2025-01-31,230.39674853898563,190.80014473020992
2025-02-03,229.763104493868,190.2743641386984
2025-02-04,230.4559793825178,190.84888451073033
2025-02-05,232.10194723459736,192.20774222964
2025-02-06,231.47387967813822,191.66952989870975
2025-02-07,229.17996862789064,189.76673756773772
2025-02-10,230.03983807766397,190.48210636833838
2025-02-11,230.68131566904194,191.0099784368719
2025-02-12,229.5185113520034,190.04584099336793
2025-02-13,231.2946183728335,191.51447615820769
2025-02-14,230.44247117768228,190.80621837948178
2025-02-18,230.48597454447523,190.85017286057587
2025-02-19,230.85004205441354,191.15536118762432
2025-02-20,228.5125487855464,189.22382359646207
2025-02-21,224.63247820399647,186.0171877581667
2025-02-24,224.80818668169755,186.15935800021333
2025-02-25,225.63308893052763,186.84447567716796
2025-02-26,224.6600328472454,186.03903951009244
2025-02-27,223.65504165267438,185.2096935777015
2025-02-28,226.7700899896502,187.78574072795948
2025-03-03,223.40547817278784,185.00297198884823
2025-03-04,219.9399338308659,182.13206004212233
2025-03-05,222.45310520307874,184.21205903821337
2025-03-06,220.2349460942607,182.38087888047417
2025-03-07,221.3825769628027,183.33452547523586
2025-03-10,216.77232109238597,179.5223150140861
2025-03-11,214.30398457720983,177.473888955119
2025-03-12,213.88034238603612,177.12029548387366
2025-03-13,211.09540898302348,174.81859992345193
2025-03-14,214.58583526791307,177.70823477247868
2025-03-17,216.41546372543755,179.22212950007426
2025-03-18,215.0678670544715,178.10708780647983
2025-03-19,217.05602048785687,179.74898092782104
2025-03-20,216.99331190212766,179.7005423199918
2025-03-21,217.16066111422495,179.8377432126342
2025-03-24,220.25583939837327,182.3990496328412
2025-03-25,220.27700607168455,182.41695267614944
2025-03-26,219.58753602677882,181.84850595338935
2025-03-27,218.78204007511786,181.18420265575753
2025-03-28,215.08014485491805,178.11818100060444
2025-03-31,217.2427108745053,179.90803357238914
2025-04-01,217.17845149568623,179.85748675572177
2025-04-02,218.39332766368153,180.86561214395218
2025-04-03,209.70868819833015,173.67220280634388
2025-04-04,198.17720486079963,164.115759070213
2025-04-07,196.37396479277373,162.61976738592563
2025-04-08,194.7242850729656,161.24904680934722
2025-04-09,210.0464798253823,173.93999552423918
2025-04-10,204.79884848103453,169.5933039271664
2025-04-11,207.9969937645678,172.24491195927476
2025-04-14,209.6108982040813,173.5816502171999
2025-04-15,208.8061414427336,172.9141846063108
2025-04-16,205.19143860417995,169.91768364736862
2025-04-17,202.45391774750158,167.65967485898216
2025-04-21,197.4228001544054,163.4970332398443
2025-04-22,202.68254381971147,167.8513545450933
2025-04-23,204.85855462248014,169.64860257962775
2025-04-24,207.37477861741172,171.733855365998
2025-04-25,207.48182221978502,171.81995729203922
2025-04-28,208.07021090528963,172.30864344708877
2025-04-29,209.60496560648,173.59378078392743
2025-04-30,210.3412360937097,174.20089473387
2025-05-01,210.77395511425942,174.55898906366664
2025-05-02,213.69251526951084,176.97680342834914
2025-05-05,213.1814259165978,176.55445892443703
2025-05-06,211.16941938041123,174.88469059734675
2025-05-07,212.63740602402046,176.10531005101112
2025-05-08,213.9561169259861,177.19533767942258
2025-05-09,213.34195244098282,176.68531845874875
2025-05-12,219.34460035274026,181.65709397633702
2025-05-13,217.9494005059854,180.5019963148175
2025-05-14,217.48820637772042,180.11918909252904
2025-05-15,218.88661278442726,181.2829371030115
2025-05-16,220.60573994445593,182.70495742798522
2025-05-19,221.31349462233413,183.2931978892814
2025-05-20,220.71831884786178,182.80133268915841
2025-05-21,216.49195582915974,179.3027099267774
2025-05-22,216.4817251387704,179.29692071838053
2025-05-23,215.15811108685702,178.20030075439576
2025-05-27,218.987266715899,181.3724523195526
2025-05-28,217.72143489375952,180.32325032261033
2025-05-29,218.3267957970881,180.82453553524033
2025-05-30,218.60563857612374,181.05729183006332
2025-06-02,218.79119660680246,181.20896574369786
2025-06-03,219.89855970638723,182.12628756554167
2025-06-04,219.42115709309076,181.73263812637123
2025-06-05,218.86298469485095,181.2700368727399
2025-06-06,221.15517509861323,183.1681275633665
2025-06-09,221.1524631546648,183.16337572757257
2025-06-10,221.69868846843974,183.61359543723373
2025-06-11,221.69375895355148,183.60887706507214
2025-06-12,222.22109068927668,184.04514244004258
2025-06-13,218.23544273623784,180.7476863035444
2025-06-16,219.87989709493598,182.10679499969675
2025-06-17,218.3333401342074,180.8248367079315
2025-06-18,218.10451079681107,180.63576718514383
2025-06-20,218.28682010793253,180.7863702625431
2025-06-23,220.2242759476973,182.3924572972679
2025-06-24,222.85278069136203,184.56513382315725
2025-06-25,222.30564767035,184.10857275516543
2025-06-26,224.3926432656556,185.84080095204035
2025-06-27,226.62875531948507,187.693046466345
2025-06-30,228.0488866801556,188.873107997599
2025-07-01,230.11152495836023,190.58718217392305
2025-07-02,230.05616283572797,190.54212339296134
2025-07-03,231.83702611612307,192.01606254352888
2025-07-07,229.65150692513674,190.20775477850214
2025-07-08,228.79264991337797,189.49844289535713
2025-07-09,229.92179191178167,190.43023773819309
2025-07-10,230.92194143410026,191.2540956348783
2025-07-11,229.47717975162232,190.0584902463969
2025-07-14,229.93000465149493,190.43601021477377
2025-07-15,227.67404040495896,188.56693249339617
2025-07-16,228.87061104242522,189.55849338361244
2025-07-17,230.0581126263505,190.54240783383634
2025-07-18,229.3241386833846,189.93290123418058
2025-07-21,229.22750279314397,189.85099899399955
2025-07-22,230.15438924871535,190.61930726098078
2025-07-23,232.78089900471673,192.79459395019356
2025-07-24,231.16866794919147,191.43943396265877
2025-07-25,232.2469053223681,192.3304199058417
2025-07-28,231.91190193964516,192.05472977071136
2025-07-29,230.85809259506894,191.1784845575794
2025-07-30,229.96772036711056,190.4430041139353
2025-07-31,228.25576374191232,189.02821193354958
2025-08-01,225.45383199913007,186.70491559844479
2025-08-04,228.4796587045235,189.2109400980066
2025-08-05,228.15843397989667,188.9457910070671
2025-08-06,228.583477643829,189.29438166527584
2025-08-07,227.42517675022106,188.3328543850953
2025-08-08,228.4980532926626,189.21937293335927
2025-08-11,227.45885498501812,188.3604786136017
2025-08-12,229.9631372413714,190.43155955167097
2025-08-13,232.36056834726725,192.41757593630197
2025-08-14,232.30637928224095,192.3704256783183
2025-08-15,232.4895834218728,192.51974040587203
2025-08-18,232.31254163146662,192.37281832803143
2025-08-19,232.36606161019193,192.41757593630197
2025-08-20,232.4487133901965,192.48627677352022
2025-08-21,231.6561610448527,191.83174485653512
2025-08-22,236.03101869827464,195.45647531743393
2025-08-25,234.22537358878733,193.96043343769804
2025-08-26,234.92441471458025,194.54126170442828
2025-08-27,235.68929480717102,195.17159941522303
2025-08-28,236.06048072954587,195.47857804660228
2025-08-29,235.58707683939048,195.08442665294658
2025-09-02,234.30000216505638,194.01757258993874
2025-09-03,234.17919533475953,193.91229600255997
2025-09-04,235.99091786677477,195.41171770916338
2025-09-05,234.85045206567924,194.46754132235725
2025-09-08,235.440666249944,194.95622747740683
2025-09-09,236.4592748755326,195.79743626746645
2025-09-10,235.32172088164413,194.85331007610884
2025-09-11,238.5125120477429,197.4964685410484
2025-09-12,237.1009705547824,196.3237690089118
2025-09-15,237.3555736262212,196.53464008817667
2025-09-16,236.70633271409264,195.99686278446703
2025-09-17,238.0544679831288,197.11233950528202
2025-09-18,238.7002292091016,197.64390930519042
2025-09-19,239.59736386205108,198.38427543915788
2025-09-22,239.9413828394495,198.66813070058205
2025-09-23,239.48090505998252,198.28795037343323
2025-09-24,238.5935943240547,197.55335671604644
2025-09-25,237.6938918230988,196.80822201446884
2025-09-26,239.24726649014536,198.09309164224868
2025-09-29,239.60166839420242,198.38770546147396
2025-09-30,240.02335739282583,198.7381700830944
2025-10-01,240.24784587034173,198.92325743363222
2025-10-02,240.6536875957682,199.2600019659884
2025-10-03,241.8933663689148,200.28184744348306
2025-10-06,241.56540631322184,200.01065816690405
2025-10-07,241.0889705764068,199.61664062777774
2025-10-08,241.08100617742335,199.61150396021173
2025-10-09,239.83036469192203,198.56911181245306
2025-10-10,235.28287293155623,194.80482127283108
2025-10-13,238.32564682630473,197.32332770726015
2025-10-14,239.3665710048236,198.19234477580412
2025-10-15,239.28889843215276,198.11887537097573
2025-10-16,237.72766883529962,196.8292873710343
2025-10-17,238.96318935919058,197.85031298953635
2025-10-20,241.6310394633874,200.06038512457883
2025-10-21,242.75580403118678,200.99484032618676
2025-10-22,241.0280137405028,199.5627976433237
2025-10-23,241.74946943962468,200.1804526374571
2025-10-24,244.20605812610745,202.2043833175427
2025-10-27,245.95657341603268,203.64987838061117
2025-10-28,246.79606847718125,204.3428432793523
2025-10-29,246.41347042348903,204.02428623117933
2025-10-30,246.20982489729568,203.55363697396737
2025-10-31,246.42098528340742,203.7281832803144
2025-11-03,245.24907860825567,202.7593274646488
2025-11-04,243.94638833841952,201.6823171892222
2025-11-05,245.11606427516213,202.64933250510842
2025-11-06,243.05039259916722,200.94156622348268
2025-11-07,243.43794278743925,201.26196377143503
2025-11-10,245.41462305258332,202.8961769891515
2025-11-11,248.31250008587054,205.29198901556268
2025-11-12,250.0059331537196,206.69204046589743
2025-11-13,245.87362622689415,203.27563784820478
2025-11-14,244.26886698809002,201.94892194816902
2025-11-17,241.38183640774508,199.56206144341195
2025-11-18,238.7991062648504,197.4268139903081
2025-11-19,239.04280114263497,197.62826505706596
2025-11-20,237.04028578009786,195.9727187737252
2025-11-21,239.5952663305289,198.08504363866805
2025-11-24,240.6462817800534,198.95396031631498
2025-11-25,244.08737397484157,201.79887102070353
2025-11-26,245.71764768726152,203.14671920456945
2025-11-28,247.21650543999883,204.3858942423729
2025-12-01,245.00378438362935,202.55650438896453
2025-12-02,245.96293899159534,203.3494920848052
2025-12-03,248.0790104134738,205.09897078415747
2025-12-04,247.9134659691462,204.96208779602242
2025-12-05,248.4525300565824,205.40775645168375
2025-12-08,247.33516507546494,204.48397614879605
2025-12-09,246.40758953681924,203.71712354982213
2025-12-10,248.98489706163704,205.8479203398232
2025-12-11,252.33316593514067,208.61608220341287
2025-12-12,251.05886492349754,207.56254666608106
2025-12-15,250.84387798082162,207.38482131466063
2025-12-16,249.27771430070806,206.08997952443997
2025-12-17,248.09496263276023,205.11212199167173
2025-12-18,248.4362630541037,205.3943208032945
2025-12-19,249.3845719392005,206.17834024566488
2025-12-22,250.56477613868523,207.1540393741464
2025-12-23,250.97784347750783,207.49555247411274
2025-12-24,252.47383301632598,208.73236832583538
2025-12-26,252.3692068463158,208.64588156802216
2025-12-29,251.07896128115402,207.57916135954372
2025-12-30,250.58742264173955,207.1727957400796
2025-12-31,249.013603901636,205.87164605516062
2026-01-02,250.6668486346108,207.23846811857
2026-01-05,253.74845148809615,209.78615484040984
2026-01-06,256.2606888127798,211.8631421095892
2026-01-07,253.84637887222084,209.86710336706886
2026-01-08,255.2453971793399,211.02374035567658
2026-01-09,256.47822930786145,212.04300913348015
2026-01-12,256.92447494116726,212.41192894834262
2026-01-13,254.86135280217596,210.70625414373885
2026-01-14,254.6418985420968,210.52481432912737
2026-01-15,256.15893742734687,211.77903126967294
2026-01-16,255.72832217276172,211.4230284168983
2026-01-20,251.2170745665759,207.69335600494426
2026-01-21,254.26678539273144,210.2147068481232
2026-01-22,255.8562319562997,211.52875676331382
2026-01-23,254.37810596818838,210.3067151052745
2026-01-26,256.00327671287783,211.6503468714641
2026-01-27,253.88433220992607,209.89850898603103
2026-01-28,253.94749168703405,209.95072898431602
2026-01-29,254.23743815692995,210.1904122510358
2026-01-30,253.30954503647834,209.42330867481925
2026-02-02,255.97871620146833,211.63005117844273
2026-02-03,255.11525580564083,210.91613804584935
2026-02-04,256.4638774088476,212.03114627581144
2026-02-05,253.393753251624,209.492913030111
2026-02-06,259.6469156477851,214.66270959214106
2026-02-09,259.75154011429134,214.74922981358665
2026-02-10,260.0223463789564,214.9731182458364
2026-02-11,259.67658083042903,214.68723843465494
2026-02-12,256.20837724876037,211.8198903647745
2026-02-13,256.4619627920982,212.02955675327473
2026-02-17,256.62910329793857,212.1677448230715
2026-02-18,257.2999050639443,212.72230413840558
2026-02-19,255.91396382649782,211.57650936667983
2026-02-20,257.1097982830243,212.56514218906534
2026-02-23,252.85149655444692,209.04461747931006
2026-02-24,254.7707642347027,210.63134580271935
2026-02-25,256.36467507370287,211.949110181101
2026-02-26,256.4530314426207,212.02214455870882
2026-02-27,253.7522793831277,209.78933388548327
2026-03-02,253.373339798877,209.4760473594057
2026-03-03,251.2827850408337,207.74766748025124
2026-03-04,252.51657356513857,208.7677059215989
2026-03-05,248.45125510556232,205.40668561544848
2026-03-06,246.10328873433244,203.4655272299851
2026-03-09,247.34282183895886,204.49031750712672
2026-03-10,247.16514990672619,204.34344562473464
2026-03-11,245.66661241272953,203.10452156417384
2026-03-12,241.8357380744717,199.93733934842126
