Date,Dow-style reconstruction
2019-01-02,100.0
2019-01-03,97.50223650016837
2019-01-04,100.79577775776845
2019-01-07,101.51655731952278
2019-01-08,102.60343010714507
2019-01-09,102.89650359980519
2019-01-10,103.54255285367208
2019-01-11,103.47668909356199
2019-01-14,103.04056995230785
2019-01-15,103.66669184999266
2019-01-16,104.27896783744674
2019-01-17,105.0533487602563
2019-01-18,106.52235342317209
2019-01-22,105.21775789509758
2019-01-23,105.78200083529707
2019-01-24,105.66899873265794
2019-01-25,106.44164283436942
2019-01-28,105.35506379240599
2019-01-29,105.4372989249306
2019-01-30,107.01844473018058
2019-01-31,107.41293252146647
2019-02-01,107.54854677672111
2019-02-04,108.35675674043569
2019-02-05,109.07182939474602
2019-02-06,109.00637056768309
2019-02-07,107.88372831216529
2019-02-08,107.76222484651566
2019-02-11,107.64350635988578
2019-02-12,109.36278013411236
2019-02-13,109.7249582430636
2019-02-14,109.13618716851873
2019-02-15,110.86584518438646
2019-02-19,110.7882255872394
2019-02-20,111.09688853145764
2019-02-21,110.77586062452202
2019-02-22,111.52515162910414
2019-02-25,111.73162843077294
2019-02-26,111.64688927257272
2019-02-27,111.4881233633271
2019-02-28,111.20804552520175
2019-03-01,111.9201996146138
2019-03-04,110.84539549240962
2019-03-05,110.72083735163305
2019-03-06,110.02189468046407
2019-03-07,109.05462871874138
2019-03-08,108.96315838780812
2019-03-11,109.85589082496794
2019-03-12,109.40560997046234
2019-03-13,110.0834051101243
2019-03-14,110.22726206437446
2019-03-15,110.9055109866694
2019-03-18,111.15620879403116
2019-03-19,111.14625518605025
2019-03-20,110.59767978169798
2019-03-21,111.46896473315518
2019-03-22,109.30619542787707
2019-03-25,109.49548835070328
2019-03-26,110.06351522348484
2019-03-27,109.79969810936859
2019-03-28,110.25378532905935
2019-03-29,111.17921194118769
2019-04-01,112.5688422629726
2019-04-02,112.41918334244056
2019-04-03,112.64368209354174
2019-04-04,113.09083665642567
2019-04-05,113.41402443824673
2019-04-08,112.9467995045134
2019-04-09,112.13334292471752
2019-04-10,112.26594669461721
2019-04-11,112.21331500466307
2019-04-12,113.18007210516252
2019-04-15,113.0468080744364
2019-04-16,113.24844564237291
2019-04-17,112.78548526383655
2019-04-18,113.37534885663926
2019-04-22,113.19897623990845
2019-04-23,114.04531576830271
2019-04-24,113.73862528303103
2019-04-25,113.46583256239032
2019-04-26,114.2905552894156
2019-04-29,114.25156442330255
2019-04-30,114.37943500946464
2019-05-01,113.2713608739201
2019-05-02,113.02843715065838
2019-05-03,113.89851272009298
2019-05-06,113.64106848473646
2019-05-07,111.62077523233015
2019-05-08,111.56528618273391
2019-05-09,111.08923960054229
2019-05-10,111.67893418469417
2019-05-13,109.05443950164458
2019-05-14,109.96142113102086
2019-05-15,110.36775549267358
2019-05-16,111.44198622580777
2019-05-17,111.05084719643608
2019-05-20,110.72255285220659
2019-05-21,111.46825814027045
2019-05-22,111.22716755911974
2019-05-23,110.13564648097162
2019-05-24,110.49567411653592
2019-05-28,109.55839001110962
2019-05-29,108.57056588540381
2019-05-30,108.85811649574259
2019-05-31,107.33113251185175
2019-06-03,107.27238714613571
2019-06-04,109.40839277990551
2019-06-05,110.55293997430041
2019-06-06,111.37622152938289
2019-06-07,112.5457430745284
2019-06-10,112.64546031398154
2019-06-11,112.55941979872154
2019-06-12,112.48219740465225
2019-06-13,112.96307987069535
2019-06-14,112.86426724915883
2019-06-17,113.01558863162192
2019-06-18,114.4267864412554
2019-06-19,114.7770316265985
2019-06-20,115.8426580509959
2019-06-21,115.67964655329193
2019-06-24,115.49528518718618
2019-06-25,114.66605836460666
2019-06-26,114.43824158043687
2019-06-27,114.41538846836997
2019-06-28,114.79996424204859
2019-07-01,115.39039504949739
2019-07-02,115.68305960426301
2019-07-03,116.52759502739504
2019-07-05,116.229794197938
2019-07-08,115.70964185004699
2019-07-09,115.68877181966478
2019-07-10,115.9650408910611
2019-07-11,116.92265328086931
2019-07-12,117.75285644019873
2019-07-15,117.86897258795025
2019-07-16,117.67572623266625
2019-07-17,117.10757476615058
2019-07-18,117.20688418661037
2019-07-19,116.85993202280211
2019-07-22,116.81311811384214
2019-07-23,117.72229925040051
2019-07-24,117.54117314597018
2019-07-25,117.05553676240578
2019-07-26,117.36292014766853
2019-07-29,117.34869456153683
2019-07-30,117.40528364103811
2019-07-31,116.1982534121777
2019-08-01,115.12266165862786
2019-08-02,114.7199943589699
2019-08-05,111.51597749267776
2019-08-06,112.86284032273772
2019-08-07,112.74453978661447
2019-08-08,114.35673792270194
2019-08-09,114.38840635188419
2019-08-12,113.10185472144283
2019-08-13,114.66157489367501
2019-08-14,111.27736515471875
2019-08-15,111.78173175895195
2019-08-16,113.16480799457496
2019-08-19,114.04418702903216
2019-08-20,113.33010139561297
2019-08-21,114.37252131939641
2019-08-22,114.53262717414559
2019-08-23,112.12250687216552
2019-08-26,113.36139353971046
2019-08-27,112.96058278357125
2019-08-28,113.95740163263663
2019-08-29,115.33900817798325
2019-08-30,115.51760523838166
2019-09-03,114.27098203815015
2019-09-04,115.19024566099614
2019-09-05,116.70262890621682
2019-09-06,116.87867751920035
2019-09-09,116.45135249052066
2019-09-10,116.39557933555393
2019-09-11,117.28074143095748
2019-09-12,117.50982380146381
2019-09-13,117.67020917681788
2019-09-16,116.80565777234735
2019-09-17,117.21606395165523
2019-09-18,117.38140473542695
2019-09-19,117.28935542774065
2019-09-20,116.83164268184818
2019-09-23,116.77366037941098
2019-09-24,116.118167190672
2019-09-25,116.71341260238313
2019-09-26,116.38206321460804
2019-09-27,115.94057899702699
2019-09-30,116.26047203802611
2019-10-01,114.85719572089367
2019-10-02,112.86614157911197
2019-10-03,113.48192715004966
2019-10-04,114.99059703533011
2019-10-07,114.73261276643782
2019-10-08,113.34986213104298
2019-10-09,114.1453827666968
2019-10-10,114.64158860415182
2019-10-11,115.75291851001072
2019-10-14,115.72782094368472
2019-10-15,116.93574745328384
2019-10-16,116.75133303489046
2019-10-17,116.81792548618255
2019-10-18,115.63333288182943
2019-10-21,115.76530141608154
2019-10-22,115.62195289323284
2019-10-23,115.80217818673943
2019-10-24,115.81118952987428
2019-10-25,116.24927486695769
2019-10-28,116.96143803720754
2019-10-29,117.18673609306799
2019-10-30,117.88526052718251
2019-10-31,117.0983348397024
2019-11-01,118.32430402569506
2019-11-04,118.41141826986104
2019-11-05,118.43468970767579
2019-11-06,118.6508568071418
2019-11-07,119.25520128656522
2019-11-08,119.60242501586427
2019-11-11,119.53637366242852
2019-11-12,119.7314985162546
2019-11-13,120.05852332388076
2019-11-14,120.0707587942603
2019-11-15,120.95712125225172
2019-11-18,120.97257863936396
2019-11-19,120.76202971984702
2019-11-20,120.34981661073381
2019-11-21,119.95518808351828
2019-11-22,120.57256160712352
2019-11-25,121.38301729409483
2019-11-26,121.8524120773078
2019-11-27,121.96653599431113
2019-11-29,121.56677997987157
2019-12-02,120.31140135102531
2019-12-03,119.36687652938595
2019-12-04,119.69754884552741
2019-12-05,119.77787247874922
2019-12-06,121.02300352881097
2019-12-09,120.60524067010424
2019-12-10,120.43396726787626
2019-12-11,120.58001890575305
2019-12-12,121.49255534024563
2019-12-13,121.55245298309131
2019-12-16,122.05955590779035
2019-12-17,122.23565985179916
2019-12-18,122.04893821834501
2019-12-19,122.70737615017514
2019-12-20,123.02405285530206
2019-12-23,123.30524728170464
2019-12-24,123.10222810284269
2019-12-26,123.51139426679833
2019-12-27,123.62326567208993
2019-12-30,122.7184756220719
2019-12-31,123.0626488175427
2020-01-02,124.3220426640212
2020-01-03,123.27452778301723
2020-01-06,123.74407163933778
2020-01-07,123.35828172148422
2020-01-08,124.13917920633249
2020-01-09,124.98895835959961
2020-01-10,124.50593284994595
2020-01-13,124.88943011209854
2020-01-14,125.09426184256172
2020-01-15,125.62938392088262
2020-01-16,126.67554786522619
2020-01-17,126.90630302020874
2020-01-21,126.28710862146949
2020-01-22,126.12162109790839
2020-01-23,125.9946597007834
2020-01-24,124.8815077053734
2020-01-27,122.99344457811577
2020-01-28,123.84620612140345
2020-01-29,123.82532477920375
2020-01-30,124.32010999429035
2020-01-31,122.03995348322478
2020-02-03,122.90497661368173
2020-02-04,124.7167231928489
2020-02-05,126.55533008519801
2020-02-06,126.88487997976672
2020-02-07,125.744761812212
2020-02-10,126.677271586994
2020-02-11,126.86002270428047
2020-02-12,127.82810679422712
2020-02-13,127.29516181095295
2020-02-14,127.31590732947184
2020-02-18,126.8397035962523
2020-02-19,127.47247370424509
2020-02-20,126.98169337742301
2020-02-21,125.8963980084235
2020-02-24,121.81961643028762
2020-02-25,118.10507407084324
2020-02-26,117.5807188096558
2020-02-27,112.47084837004601
2020-02-28,110.88760102286572
2020-03-02,116.13729385029099
2020-03-03,112.8593250969905
2020-03-04,118.10068578155571
2020-03-05,114.10786425166162
2020-03-06,112.77793710224837
2020-03-09,104.48612488324322
2020-03-10,109.66587005695814
2020-03-11,103.53267966329845
2020-03-12,93.30776823280658
2020-03-13,101.65718416995882
2020-03-16,88.50255856453252
2020-03-17,92.92671388658935
2020-03-18,87.16320434563491
2020-03-19,88.57284064687383
2020-03-20,84.58743097730739
2020-03-23,82.2044287451227
2020-03-24,91.76054932455231
2020-03-25,93.47655441334356
2020-03-26,99.11792431148646
2020-03-27,95.40910386231279
2020-03-30,98.52800705236503
2020-03-31,96.44595445573297
2020-04-01,92.03097566482383
2020-04-02,94.37310991051208
2020-04-03,92.55232760435256
2020-04-06,99.4318639661328
2020-04-07,99.33477999908064
2020-04-08,102.94887425149074
2020-04-09,104.23360303507596
2020-04-13,102.73449568818711
2020-04-14,105.21376976988226
2020-04-15,103.38330835493679
2020-04-16,103.72931656190218
2020-04-17,107.10965020902984
2020-04-20,104.87406408735691
2020-04-21,101.82196083653028
2020-04-22,103.56980555319888
2020-04-23,103.86864867999181
2020-04-24,104.97266297831034
2020-04-27,106.71211567726341
2020-04-28,106.34531143748674
2020-04-29,108.73735346291424
2020-04-30,107.8600888855083
2020-05-01,104.8905821381577
2020-05-04,105.06224429030188
2020-05-05,105.6987799781692
2020-05-06,104.79871353300351
2020-05-07,105.85034932686088
2020-05-08,107.930537820569
2020-05-11,107.87629431260497
2020-05-12,105.62129700294338
2020-05-13,103.45040873276032
2020-05-14,104.94970067104497
2020-05-15,105.66315686799926
2020-05-18,108.95100310306854
2020-05-19,107.30301156551754
2020-05-20,108.78461587383967
2020-05-21,108.34366299784294
2020-05-22,108.48023967180906
2020-05-26,110.42477133743914
2020-05-27,112.68385165376716
2020-05-28,112.29502597976732
2020-05-29,112.26226714732327
2020-06-01,112.56008080320788
2020-06-02,113.58043487785143
2020-06-03,115.58887894002486
2020-06-04,115.40613659656064
2020-06-05,118.78652171314017
2020-06-08,120.54237029799407
2020-06-09,119.29848622230377
2020-06-10,118.37211716794263
2020-06-11,110.48192311504658
2020-06-12,112.3488599699186
2020-06-15,113.28900013187653
2020-06-16,115.59765319892686
2020-06-17,115.0836240442799
2020-06-18,115.25792728066526
2020-06-19,114.63031364216475
2020-06-22,115.08697968334249
2020-06-23,115.50190833820243
2020-06-24,112.5280897825499
2020-06-25,113.9790275489563
2020-06-26,110.80688933562962
2020-06-29,112.98123696155174
2020-06-30,114.26632115998666
2020-07-01,114.87264527569802
2020-07-02,115.35763198706127
2020-07-06,117.42677146858445
2020-07-07,115.55770136048673
2020-07-08,116.38322344685182
2020-07-09,115.06600012345599
2020-07-10,116.28971556967468
2020-07-13,115.91147093428567
2020-07-14,118.22585070104932
2020-07-15,119.02389726964412
2020-07-16,118.55333753297042
2020-07-17,118.5697861436756
2020-07-20,119.09425909415849
2020-07-21,119.52255624324114
2020-07-22,120.13150737505877
2020-07-23,118.66426323484178
2020-07-24,118.08120950626972
2020-07-27,118.76954850154772
2020-07-28,118.10418824227848
2020-07-29,118.84630907599912
2020-07-30,117.79144931863868
2020-07-31,117.69148663730707
2020-08-03,118.58409410549153
2020-08-04,119.01302231481023
2020-08-05,120.6202621633564
2020-08-06,121.35551278041117
2020-08-07,121.49531510987717
2020-08-10,122.39961460362149
2020-08-11,122.02446973371036
2020-08-12,123.404980479144
2020-08-13,122.97391664234601
2020-08-14,122.97496595328164
2020-08-17,122.91531697938902
2020-08-18,122.9120977643932
2020-08-19,122.50973677074151
2020-08-20,122.70130511546232
2020-08-21,123.01513398525186
2020-08-24,124.3118494338122
2020-08-25,125.02180145075663
2020-08-26,127.14490184948342
2020-08-27,127.92576599926515
2020-08-28,128.4435234416308
2020-08-31,130.29815811839575
2020-09-01,131.28212396237902
2020-09-02,133.3398845673026
2020-09-03,129.4507344356111
2020-09-04,128.67860054978908
2020-09-08,125.71929906139731
2020-09-09,128.030743937171
2020-09-10,126.29288982076649
2020-09-11,126.78173559472195
2020-09-14,128.275468435747
2020-09-15,128.3108871945275
2020-09-16,128.33539341908684
2020-09-17,127.54172848143293
2020-09-18,126.28698510098147
2020-09-21,124.05112752272022
2020-09-22,125.02368566714894
2020-09-23,122.45384659684002
2020-09-24,122.78814967042639
2020-09-25,124.57915863984869
2020-09-28,126.49519158823007
2020-09-29,125.92813145925558
2020-09-30,127.21192649027068
2020-10-01,127.38330341839854
2020-10-02,126.65825505664239
2020-10-05,128.7325659064596
2020-10-06,126.9302716213046
2020-10-07,129.42330267749236
2020-10-08,129.82212370922724
2020-10-09,130.782437088895
2020-10-12,132.12445535216588
2020-10-13,131.39851819567173
2020-10-14,130.53011682211164
2020-10-15,130.26891150658554
2020-10-16,130.70771294432691
2020-10-19,128.7089833439034
2020-10-20,129.15074504311175
2020-10-21,128.68344843747286
2020-10-22,129.36035945993456
2020-10-23,129.49405872661538
2020-10-26,126.64418732757916
2020-10-27,125.91430983566875
2020-10-28,121.77848723735475
2020-10-29,122.6078888084164
2020-10-30,121.61289674230275
2020-11-02,123.46754028220944
2020-11-03,125.86326884195404
2020-11-04,128.0492169263902
2020-11-05,130.48065622690518
2020-11-06,130.23340177518045
2020-11-09,133.05248925326018
2020-11-10,134.15637212278796
2020-11-11,134.2653799865646
2020-11-12,132.82638214622196
2020-11-13,134.54252256875756
2020-11-16,136.50716079129674
2020-11-17,135.9556514625638
2020-11-18,134.37020152093464
2020-11-19,134.56644282258804
2020-11-20,133.57626603448577
2020-11-23,135.03308793156663
2020-11-24,136.95948401086787
2020-11-25,136.2664422655545
2020-11-27,136.51819470596521
2020-11-30,135.46933918143944
2020-12-01,136.2703387033348
2020-12-02,136.23668554927895
2020-12-03,136.40923202191422
2020-12-04,137.36582132124968
2020-12-07,136.90803456010258
2020-12-08,137.39887520986412
2020-12-09,136.85524320738187
2020-12-10,136.5763036371385
2020-12-11,136.82304692528032
2020-12-14,136.1196019419372
2020-12-15,137.621226295814
2020-12-16,137.5599333785238
2020-12-17,138.23255472400174
2020-12-18,137.69995989715525
2020-12-21,137.9388714011017
2020-12-22,137.22347263161296
2020-12-23,137.55659657289078
2020-12-24,137.92355870721178
2020-12-28,138.9233139594755
2020-12-29,138.65073508700058
2020-12-30,138.88420665654417
2020-12-31,139.7326601081891
2021-01-04,137.8025832608897
2021-01-05,138.50828639436844
2021-01-06,140.14880440128286
2021-01-07,141.1896860805019
2021-01-08,141.4557829862471
2021-01-11,140.93478825602236
2021-01-12,141.0889854889645
2021-01-13,140.94255688336503
2021-01-14,140.41569374993915
2021-01-15,139.83238558690687
2021-01-19,140.38723258528978
2021-01-20,141.7571875549145
2021-01-21,141.74565128406184
2021-01-22,141.04477148346223
2021-01-25,140.93118212794107
2021-01-26,140.7217300069494
2021-01-27,137.75090573751814
2021-01-28,138.9980075847348
2021-01-29,136.21264865315868
2021-02-01,137.5074745329756
2021-02-02,139.6858596818489
2021-02-03,139.6236851049285
2021-02-04,141.1089362537742
2021-02-05,141.53535356918022
2021-02-08,142.585164362007
2021-02-09,142.42209144515112
2021-02-10,142.6299740375253
2021-02-11,142.65829751689117
2021-02-12,142.7391052327553
2021-02-16,142.8784357160456
2021-02-17,143.44406965960366
2021-02-18,143.21473124061623
2021-02-19,142.893624744024
2021-02-22,142.83427717485793
2021-02-23,142.85343569185713
2021-02-24,144.4516811393813
2021-02-25,141.9009026734398
2021-02-26,140.07585656410112
2021-03-01,142.80050447987475
2021-03-02,142.07800694703198
2021-03-03,141.3179026300045
2021-03-04,139.70902046477042
2021-03-05,142.2563088874901
2021-03-08,143.61812732577576
2021-03-09,144.06305598160543
2021-03-10,145.9207111223095
2021-03-11,146.77052509408182
2021-03-12,147.99105811315192
2021-03-15,148.79949701618463
2021-03-16,148.24491791880277
2021-03-17,149.02305151053253
2021-03-18,148.31122007197638
2021-03-19,147.31410015505915
2021-03-22,147.89501443367837
2021-03-23,146.77540224685623
2021-03-24,146.6683295581008
2021-03-25,147.5708497908589
2021-03-26,149.63632991351588
2021-03-29,150.03946983158212
2021-03-30,149.47002200567084
2021-03-31,149.04910112022839
2021-04-01,154.99000957392659
2021-04-05,156.77925553656482
2021-04-06,156.4721082321721
2021-04-07,156.4254791785568
2021-04-08,156.79765447661558
2021-04-09,158.28464610112704
2021-04-12,158.18633229256423
2021-04-13,157.95526459635425
2021-04-14,158.02081204058214
2021-04-15,159.5457013531786
2021-04-16,160.61738724275574
2021-04-19,159.99816623372604
2021-04-20,158.89137676905918
2021-04-21,160.34412854398815
2021-04-22,158.97009524253903
2021-04-23,160.24913765819258
2021-04-26,160.0221106353764
2021-04-27,160.07610869909587
2021-04-28,159.3593929131825
2021-04-29,160.51499952840373
2021-04-30,159.7272439681789
2021-05-03,160.6679620529752
2021-05-04,160.78536605845127
2021-05-05,161.09048460285794
2021-05-06,162.60878258371932
2021-05-07,163.7029074531945
2021-05-10,163.42154163381446
2021-05-11,161.32380775352243
2021-05-12,158.11372155323187
2021-05-13,160.15708040961738
2021-05-14,161.78349650442286
2021-05-17,161.5053053867189
2021-05-18,160.2019106806381
2021-05-19,159.42193152973562
2021-05-20,160.35477388239178
2021-05-21,160.8634084225903
2021-05-24,161.80162414256972
2021-05-25,161.50375849646625
2021-05-26,161.61758549821784
2021-05-27,162.17445752269072
2021-05-28,162.44852788095957
2021-06-01,162.57700915958682
2021-06-02,162.72076991032733
2021-06-03,162.60686952808413
2021-06-04,163.4462805498614
2021-06-07,162.8683962717404
2021-06-08,162.86295721091236
2021-06-09,162.117162719964
2021-06-10,162.27971651424463
2021-06-11,162.28547951667895
2021-06-14,161.92713987618995
2021-06-15,161.44209521077053
2021-06-16,160.36170327314383
2021-06-17,159.64016388835188
2021-06-18,157.38707567341572
2021-06-21,160.0470112630379
2021-06-22,160.44636366284826
2021-06-23,160.11711249173092
2021-06-24,161.42662381498147
2021-06-25,162.50918041559916
2021-06-28,161.8340449022969
2021-06-29,161.9377260988538
2021-06-30,162.77527230965526
2021-07-01,163.6038870452293
2021-07-02,164.40903788516326
2021-07-06,163.76025223508984
2021-07-07,164.36457760568047
2021-07-08,163.15731351438143
2021-07-09,165.16813230849883
2021-07-12,165.7909822288397
2021-07-13,165.24255318123292
2021-07-14,165.40086582435057
2021-07-15,165.65344259335663
2021-07-16,164.3826396122299
2021-07-19,161.17387680518107
2021-07-20,164.00520628723677
2021-07-21,165.3081619844718
2021-07-22,165.49848225388962
2021-07-23,166.82986981557528
2021-07-26,167.1225025344013
2021-07-27,166.73471300339892
2021-07-28,166.1776697350562
2021-07-29,166.85271959420962
2021-07-30,165.8030534966734
2021-08-02,165.43505695657643
2021-08-03,166.78776887886545
2021-08-04,165.4176308800763
2021-08-05,166.62605226327685
2021-08-06,167.23950283122323
2021-08-09,166.74978811365
2021-08-10,167.27119753820406
2021-08-11,168.3016036946222
2021-08-12,168.49516276876952
2021-08-13,168.62688766310433
2021-08-16,169.17621508633573
2021-08-17,167.76528228171944
2021-08-18,165.90346459071554
2021-08-19,165.71179086599489
2021-08-20,166.89223808527225
2021-08-23,167.8836720327621
2021-08-24,168.0104925801376
2021-08-25,168.15480923722106
2021-08-26,167.3572506689773
2021-08-27,168.48223909946495
2021-08-30,168.4154728945524
2021-08-31,168.21319844193647
2021-09-01,168.12806637496922
2021-09-02,168.71593696705617
2021-09-03,168.4000929202712
2021-09-07,167.1720489487477
2021-09-08,166.70008007976378
2021-09-09,166.0217881800231
2021-09-10,164.89464385928443
2021-09-13,166.08876668031976
2021-09-14,164.75304561165842
2021-09-15,165.79133102400615
2021-09-16,165.51368806968205
2021-09-17,164.6634038568156
2021-09-20,161.76527994276648
2021-09-21,161.5178818577849
2021-09-22,163.152554813266
2021-09-23,165.54106706690504
2021-09-24,165.6336041632865
2021-09-27,165.6926954913586
2021-09-28,162.76453698094005
2021-09-29,163.24494548708253
2021-09-30,160.7822394636786
2021-10-01,163.14970569826718
2021-10-04,161.55312474061296
2021-10-05,163.15877858123818
2021-10-06,163.81517279571537
2021-10-07,165.33240144845956
2021-10-08,165.16460563840207
2021-10-11,163.92941071008386
2021-10-12,163.56107712072836
2021-10-13,163.60153510842972
2021-10-14,165.9130766484904
2021-10-15,167.9722033683352
2021-10-18,167.90024020246628
2021-10-19,168.75770992646594
2021-10-20,169.4488533243259
2021-10-21,169.59553481562034
2021-10-22,169.99835126570608
2021-10-25,170.3205293885439
2021-10-26,170.8039218178319
2021-10-27,169.81831905942482
2021-10-28,171.08602684669557
2021-10-29,171.23664724366512
2021-11-01,171.31276149502693
2021-11-02,171.9760165947614
2021-11-03,172.5242310562634
2021-11-04,172.93628795207616
2021-11-05,173.88420573098114
2021-11-08,174.40737880341229
2021-11-09,174.13256105198914
2021-11-10,172.91018769982873
2021-11-11,172.20300434699516
2021-11-12,173.27315326672436
2021-11-15,173.3104786129981
2021-11-16,173.85617312923137
2021-11-17,172.77934068626226
2021-11-18,172.7505486786769
2021-11-19,171.6358749793005
2021-11-22,171.3389253771985
2021-11-23,172.1607721863819
2021-11-24,172.18313995605567
2021-11-26,167.85887659079538
2021-11-29,169.4469816441615
2021-11-30,166.45236577366038
2021-12-01,164.37451683155447
2021-12-02,167.45326092980835
2021-12-03,167.04678875389226
2021-12-06,169.8330930102282
2021-12-07,172.27112461205652
2021-12-08,172.47923859562462
2021-12-09,172.43302120274222
2021-12-10,173.3528280101406
2021-12-13,171.75664456753788
2021-12-14,171.12077173616203
2021-12-15,173.09183977351879
2021-12-16,172.86344167257187
2021-12-17,170.3471751330295
2021-12-20,168.1781718686618
2021-12-21,170.75941318306238
2021-12-22,172.0948928915037
2021-12-23,172.94643698017939
2021-12-27,174.6944709938789
2021-12-28,175.14756854811256
2021-12-29,175.556083600915
2021-12-30,175.09401846435136
2021-12-31,174.78063804989588
2022-01-03,175.57342552675883
2022-01-04,176.3251054923971
2022-01-05,174.31622939733447
2022-01-06,173.49281397842782
2022-01-07,173.01044945539618
2022-01-10,172.22930263470192
2022-01-11,173.1710050845969
2022-01-12,173.2850204722196
2022-01-13,172.12452932598922
2022-01-14,170.9364653858074
2022-01-18,168.36875260007196
2022-01-19,166.64730316950082
2022-01-20,165.05451773544686
2022-01-21,162.62671630767662
2022-01-24,163.32218786426705
2022-01-25,162.8301962961989
2022-01-26,162.2362191849378
2022-01-27,161.9174003720579
2022-01-28,164.81045794467508
2022-01-31,166.79613578199138
2022-02-01,168.20975881361178
2022-02-02,169.24749330786628
2022-02-03,166.38515592803978
2022-02-04,166.78892321951477
2022-02-07,166.7652679301681
2022-02-08,168.5193346800198
2022-02-09,170.1059483945078
2022-02-10,167.53498647384285
2022-02-11,164.85443540844855
2022-02-14,164.13666294228688
2022-02-15,166.12673376595768
2022-02-16,165.99522700049735
2022-02-17,162.81744307867052
2022-02-18,161.81118610089376
2022-02-22,159.39253964882036
2022-02-23,157.06203355118726
2022-02-24,157.69991270617544
2022-02-25,161.711482997342
2022-02-28,160.87795880520352
2022-03-01,157.9250697694371
2022-03-02,160.6812333643207
2022-03-03,159.95541958273358
2022-03-04,158.9769888426532
2022-03-07,154.649921054685
2022-03-08,153.70920502265182
2022-03-09,156.80989317335542
2022-03-10,156.34219900610285
2022-03-11,155.17386307613242
2022-03-14,155.1605310791527
2022-03-15,158.25514184318584
2022-03-16,160.86339417629938
2022-03-17,162.8927204400854
2022-03-18,164.4397698045901
2022-03-21,163.35187918650107
2022-03-22,164.71145542626311
2022-03-23,162.58266492763062
2022-03-24,164.18109980899655
2022-03-25,164.71029971815906
2022-03-28,165.4324650550003
2022-03-29,167.19544345835922
2022-03-30,166.56695803209828
2022-03-31,164.00906442743786
2022-04-01,164.8308030227356
2022-04-04,165.57458898495634
2022-04-05,164.12137621270818
2022-04-06,163.3603042534664
2022-04-07,163.72164915692574
2022-04-08,164.20003284333512
2022-04-11,162.179878328109
2022-04-12,161.62230931886072
2022-04-13,163.27365037955772
2022-04-14,162.4429088632426
2022-04-18,162.10933663999268
2022-04-19,164.59398604343147
2022-04-20,165.53145722050712
2022-04-21,163.52157475365934
2022-04-22,158.84490439665322
2022-04-25,160.09916799339817
2022-04-26,156.99321368422284
2022-04-27,157.52166835772724
2022-04-28,160.51392139451926
2022-04-29,155.62300767139905
2022-05-02,155.8039707852785
2022-05-03,156.05546581274373
2022-05-04,160.56262649218453
2022-05-05,155.38829846261015
2022-05-06,154.85901035132278
2022-05-09,151.76062783308137
2022-05-10,151.14059251740548
2022-05-11,149.50586023492306
2022-05-12,149.34435612923357
2022-05-13,151.62370927442777
2022-05-16,151.58081499058483
2022-05-17,153.86497211511653
2022-05-18,148.34303193481537
2022-05-19,147.36769040909059
2022-05-20,147.39816542889292
2022-05-23,150.18922774162402
2022-05-24,150.22175581770549
2022-05-25,151.4158476935304
2022-05-26,154.02207392262065
2022-05-27,156.79861313374312
2022-05-31,155.7065750493127
2022-06-01,154.9467033908558
2022-06-02,157.14492185949578
2022-06-03,155.5446537041946
2022-06-06,159.49519937345494
2022-06-07,160.77697149781662
2022-06-08,159.28339005742598
2022-06-09,156.06100025118326
2022-06-10,151.41577691947734
2022-06-13,147.00741534656964
2022-06-14,146.00385430151076
2022-06-15,147.60630976571647
2022-06-16,143.787116402539
2022-06-17,143.91069280084315
2022-06-21,146.8102745549757
2022-06-22,146.73756694679574
2022-06-23,147.84193519863263
2022-06-24,151.90938864576398
2022-06-27,151.39393079288712
2022-06-28,148.86151291162605
2022-06-29,149.3998199652478
2022-06-30,148.16985150204022
2022-07-01,150.11118302356667
2022-07-05,149.84363000661122
2022-07-06,150.19521276469143
2022-07-07,151.72276246803654
2022-07-08,151.50093776726018
2022-07-11,150.74053633681947
2022-07-12,149.89797887226783
2022-07-13,148.983299725035
2022-07-14,148.25798278083516
2022-07-15,151.36805961672962
2022-07-18,150.27329806349783
2022-07-19,153.96097473478792
2022-07-20,154.36405620764356
2022-07-21,155.41225532491987
2022-07-22,154.80645984435674
2022-07-25,155.16493221282974
2022-07-26,153.91663163738608
2022-07-27,155.33872034330295
2022-07-28,157.21272425523406
2022-07-29,159.06839806699523
2022-08-01,158.89119540108553
2022-08-02,157.07243566506975
2022-08-03,159.09066098717076
2022-08-04,159.03437420591877
2022-08-05,159.12239127037046
2022-08-08,159.2196340131945
2022-08-09,158.61961144631042
2022-08-10,161.56366054292963
2022-08-11,161.56310775734386
2022-08-12,163.79138893900176
2022-08-15,164.67046401349944
2022-08-16,165.62402666457967
2022-08-17,164.64889306654456
2022-08-18,164.74187366147686
2022-08-19,163.17098307679754
2022-08-22,160.05045210737796
2022-08-23,159.20458979458425
2022-08-24,159.58674151862456
2022-08-25,161.27760373715267
2022-08-26,156.2860371268019
2022-08-29,155.3517348901835
2022-08-30,154.02136340878062
2022-08-31,152.56840747768595
2022-09-01,153.24159575286987
2022-09-02,151.71011494569325
2022-09-06,150.82864424014005
2022-09-07,153.1709725564546
2022-09-08,154.14764967553032
2022-09-09,155.9293032722509
2022-09-12,157.13375222703928
2022-09-13,150.72276550227187
2022-09-14,150.8200899408995
2022-09-15,149.93981611881398
2022-09-16,149.14046043672928
2022-09-19,150.12168988506065
2022-09-20,148.4877338386777
2022-09-21,145.8181389387871
2022-09-22,145.13059797437543
2022-09-23,142.96621421418533
2022-09-26,141.3929316971015
2022-09-27,140.77834973078185
2022-09-28,143.4919413863935
2022-09-29,141.19405174062297
2022-09-30,138.78367096788222
2022-10-03,142.59222798719108
2022-10-04,146.66814971773505
2022-10-05,146.45575080714548
2022-10-06,144.89172441572916
2022-10-07,141.59064444808803
2022-10-10,141.0537504566884
2022-10-11,141.07239733892027
2022-10-12,140.9127238524956
2022-10-13,144.7313501384998
2022-10-14,142.610018912811
2022-10-17,145.62986354736768
2022-10-18,147.3182221638199
2022-10-19,146.68647872310427
2022-10-20,146.09126218334606
2022-10-21,149.755549591665
2022-10-24,151.79152929671395
2022-10-25,153.58406095154413
2022-10-26,153.40931271044641
2022-10-27,154.24886923751242
2022-10-28,157.88931647291798
2022-10-31,157.25973014465137
2022-11-01,156.72563319150436
2022-11-02,153.98827936013186
2022-11-03,153.27306393486418
2022-11-04,155.04384962257356
2022-11-07,157.08738576040903
2022-11-08,158.76601793073098
2022-11-09,155.6854974293278
2022-11-10,161.96777538928902
2022-11-11,161.98737610923325
2022-11-14,160.9807301229269
2022-11-15,161.27662569546808
2022-11-16,161.09127120272643
2022-11-17,160.889645781985
2022-11-18,161.8588577509812
2022-11-21,161.53852069363958
2022-11-22,163.45861527119223
2022-11-23,164.151252355326
2022-11-25,164.8186851744637
2022-11-28,162.46503824632012
2022-11-29,162.27649486544294
2022-11-30,166.0987837923936
2022-12-01,165.22599464926495
2022-12-02,165.5179514247805
2022-12-05,163.08694587919234
2022-12-06,161.41080260510984
2022-12-07,161.38033356190547
2022-12-08,162.44088570013682
2022-12-09,161.01998192364758
2022-12-12,163.47274382216858
2022-12-13,164.18547878412113
2022-12-14,163.21587162166153
2022-12-15,159.54139771420472
2022-12-16,158.13923970708083
2022-12-19,157.20554070564802
2022-12-20,157.62857187356826
2022-12-21,160.2248969407358
2022-12-22,158.5221062767997
2022-12-23,159.4039301295516
2022-12-27,159.37931187882197
2022-12-28,157.69539593402015
2022-12-29,159.45810003967762
2022-12-30,158.9990124392088
2023-01-03,158.98369928428608
2023-01-04,159.665138214257
2023-01-05,157.56686798886466
2023-01-06,160.97681798577776
2023-01-09,160.53389958561124
2023-01-10,161.3810147646544
2023-01-11,163.01822009074655
2023-01-12,164.05142771738142
2023-01-13,164.7335618162075
2023-01-17,163.01989933748473
2023-01-18,160.16408975698369
2023-01-19,158.68914105518346
2023-01-20,160.6168642336012
2023-01-23,161.75248135222196
2023-01-24,162.36821490093172
2023-01-25,162.402515716996
2023-01-26,162.73356818057027
2023-01-27,163.07138083134106
2023-01-30,161.92514805170813
2023-01-31,163.81445828345488
2023-02-01,164.07961114220598
2023-02-02,164.18175320692907
2023-02-03,163.22870641410287
2023-02-06,163.1632483986214
2023-02-07,164.25371463445916
2023-02-08,163.20458268780823
2023-02-09,161.90761029135274
2023-02-10,162.51988208024986
2023-02-13,164.33576817155324
2023-02-14,163.64898140646687
2023-02-15,163.86638953327434
2023-02-16,161.67385909805614
2023-02-17,162.23105187799757
2023-02-21,158.81330891216837
2023-02-22,158.5211279096338
2023-02-23,159.1691237555049
2023-02-24,157.44969280148436
2023-02-27,157.89402742991822
2023-02-28,156.76582856248217
2023-03-01,156.63572629392044
2023-03-02,158.36369160405528
2023-03-03,160.38611078215578
2023-03-06,160.48733972391685
2023-03-07,157.7844438568929
2023-03-08,157.52044166326644
2023-03-09,154.8896528618548
2023-03-10,153.1321763999495
2023-03-13,152.78310706756224
2023-03-14,154.54931790862864
2023-03-15,153.27248854312344
2023-03-16,155.2562235006931
2023-03-17,153.3692221148545
2023-03-20,155.13253202995864
2023-03-21,156.7520750843077
2023-03-22,154.01366334997795
2023-03-23,154.26814119176544
2023-03-24,154.87648057490588
2023-03-27,155.80493139767614
2023-03-28,155.48118374026274
2023-03-29,157.1031548258502
2023-03-30,157.8156260887801
2023-03-31,159.9685717855081
2023-04-03,161.46764155057423
2023-04-04,160.51903651213297
2023-04-05,160.71858719678073
2023-04-06,160.79004436502635
2023-04-10,161.26036092202364
2023-04-11,161.68539320808776
2023-04-12,161.42582578579317
2023-04-13,163.39826938319445
2023-04-14,162.73719611337557
2023-04-17,163.31428290149194
2023-04-18,163.27401275858526
2023-04-19,163.129673997616
2023-04-20,162.57880153170348
2023-04-21,162.81112474981708
2023-04-24,163.15989345585
2023-04-25,161.5075007585588
2023-04-26,160.3686261048397
2023-04-27,163.01452007863028
2023-04-28,164.25805702828328
2023-05-01,163.8364527111561
2023-05-02,162.22156155374793
2023-05-03,160.9835142306956
2023-05-04,159.50300039063563
2023-05-05,162.18857467605858
2023-05-08,161.96790481248524
2023-05-09,161.70227781626355
2023-05-10,161.71382547815247
2023-05-11,160.8039989314591
2023-05-12,160.61534607051192
2023-05-15,160.84775284854922
2023-05-16,159.32502183651107
2023-05-17,161.47430829505157
2023-05-18,162.24708372519584
2023-05-19,161.69008682581207
2023-05-22,160.93542715161425
2023-05-23,159.74018890305894
2023-05-24,158.73989749508448
2023-05-25,158.81400751337162
2023-05-26,160.57400556759137
2023-05-30,160.40687080727344
2023-05-31,159.61517639253958
2023-06-01,160.66967883963932
2023-06-02,163.99349175202667
2023-06-05,163.09844897973386
2023-06-06,163.11346065021522
2023-06-07,163.27208010986888
2023-06-08,164.24511743086686
2023-06-09,164.40001823720317
2023-06-12,165.44935713077552
2023-06-13,166.14271974229194
2023-06-14,165.00378946086164
2023-06-15,167.06808660025865
2023-06-16,166.47298927541985
2023-06-20,165.5109870720481
2023-06-21,165.02984453394748
2023-06-22,165.13212176217317
2023-06-23,164.085351211864
2023-06-26,164.03024770304398
2023-06-27,165.3487495623846
2023-06-28,164.92457122086626
2023-06-29,166.35852389730667
2023-06-30,167.86759824705925
2023-07-03,167.80873596195568
2023-07-05,167.10762500204896
2023-07-06,165.3301774816708
2023-07-07,164.5090860703313
2023-07-10,165.3594958893397
2023-07-11,166.98082920913575
2023-07-12,167.51096106045114
2023-07-13,168.03466755604887
2023-07-14,168.66538176574988
2023-07-17,169.02054067552123
2023-07-18,170.72026385584266
2023-07-19,171.30223588139498
2023-07-20,171.75501029883404
2023-07-21,171.75818593100433
2023-07-24,172.5742264645209
2023-07-25,172.91898867342007
2023-07-26,173.37769016431236
2023-07-27,172.16094050228887
2023-07-28,173.15835175592517
2023-07-31,173.56404205008073
2023-08-01,173.99963543465728
2023-08-02,172.155183389247
2023-08-03,171.73504113407054
2023-08-04,171.42131267841233
2023-08-07,173.38985641818587
2023-08-08,172.54110489675628
2023-08-09,171.4794549989044
2023-08-10,171.7749792268839
2023-08-11,172.22495367673875
2023-08-14,172.61464402086236
2023-08-15,170.9192166017731
2023-08-16,169.96624739185054
2023-08-17,168.51643312451526
2023-08-18,168.6495526046271
2023-08-21,168.64028076709008
2023-08-22,167.7963535885062
2023-08-23,168.74647655332308
2023-08-24,166.8986142925007
2023-08-25,167.87364616283836
2023-08-28,168.87639010191552
2023-08-29,170.40632105596097
2023-08-30,170.582615333182
2023-08-31,169.89050138624745
2023-09-01,170.51834153698715
2023-09-05,169.4943641454627
2023-09-06,168.38951246514387
2023-09-07,168.74439134264975
2023-09-08,169.11206814444367
2023-09-11,169.70680045681132
2023-09-12,169.38161505977624
2023-09-13,169.22315869583764
2023-09-14,170.6920987171487
2023-09-15,168.99842286082225
2023-09-18,169.0049681120111
2023-09-19,168.53653792620872
2023-09-20,168.08017232576077
2023-09-21,166.057664380036
2023-09-22,165.62127421726368
2023-09-25,165.91388734059333
2023-09-26,163.90418962826715
2023-09-27,163.4790141304358
2023-09-28,164.19173483039
2023-09-29,163.43987849694614
2023-10-02,163.15161966230227
2023-10-03,160.84440003620082
2023-10-04,161.72861481532416
2023-10-05,161.67278672597615
2023-10-06,163.19227807479766
2023-10-09,163.99857979389498
2023-10-10,164.65483523049392
2023-10-11,165.11893101155837
2023-10-12,164.09016703301776
2023-10-13,164.14002644648596
2023-10-16,165.83544019536106
2023-10-17,165.80031170996776
2023-10-18,163.84607890904934
2023-10-19,162.61733490645145
2023-10-20,161.18155746354742
2023-10-23,160.3990579544095
2023-10-24,161.22715040909947
2023-10-25,160.68034421052107
2023-10-26,159.38793044582252
2023-10-27,157.8057377305031
2023-10-30,160.30498084260338
2023-10-31,160.9287026490027
2023-11-01,162.12736987252805
2023-11-02,164.9629043950322
2023-11-03,166.1953117191283
2023-11-06,166.43206799239968
2023-11-07,166.83486895956256
2023-11-08,166.86122347543437
2023-11-09,165.70687970207666
2023-11-10,167.65179705096534
2023-11-13,167.84611044577912
2023-11-14,170.53108122971366
2023-11-15,171.02963098058353
2023-11-16,171.19150489805787
2023-11-17,171.27620199418214
2023-11-20,172.3642854702699
2023-11-21,172.02938818499493
2023-11-22,173.016580036294
2023-11-24,173.52029440590272
2023-11-27,173.30138551446032
2023-11-28,173.5332032305427
2023-11-29,173.63505721473572
2023-11-30,176.1909056655024
2023-12-01,177.72331347297964
2023-12-04,177.42701223239538
2023-12-05,177.22845752049233
2023-12-06,176.93603424152187
2023-12-07,177.44040454469578
2023-12-08,178.06325335109926
2023-12-11,178.70363376330286
2023-12-12,179.72887307537442
2023-12-13,182.2792630273874
2023-12-14,183.02263530637077
2023-12-15,183.43499122061374
2023-12-18,183.53720761342757
2023-12-19,184.5676034959734
2023-12-20,182.2477751389805
2023-12-21,183.82079164908347
2023-12-22,183.76948976172034
2023-12-26,184.46043162094355
2023-12-27,184.9602168987869
2023-12-28,185.23254993395432
2023-12-29,185.09281359677001
2024-01-02,184.89958222011805
2024-01-03,183.3396788185478
2024-01-04,183.3378810966204
2024-01-05,183.5209040781205
2024-01-08,184.7388547069224
2024-01-09,184.0677571460045
2024-01-10,185.02730888951817
2024-01-11,185.13721646437222
2024-01-12,184.7674396573009
2024-01-16,183.62759128192164
2024-01-17,183.24822686128445
2024-01-18,184.38234049306317
2024-01-19,186.26514334780742
2024-01-22,186.96506470319162
2024-01-23,186.51051978589658
2024-01-24,186.073589560898
2024-01-25,187.17817600355542
2024-01-26,187.6126313871884
2024-01-29,188.9494065945978
2024-01-30,189.5063863914193
2024-01-31,187.80515096585023
2024-02-01,189.7734402384341
2024-02-02,190.9488021731609
2024-02-05,189.59162568019283
2024-02-06,190.2053103537768
2024-02-07,191.11634573797798
2024-02-08,191.41048933350746
2024-02-09,191.34259405495467
2024-02-12,191.73778953042398
2024-02-13,189.20037989057778
2024-02-14,190.1265825844949
2024-02-15,191.65176932327023
2024-02-16,190.85350764297667
2024-02-20,190.30797425377398
2024-02-21,190.67731550770202
2024-02-22,193.52639608803187
2024-02-23,193.86340556933794
2024-02-26,194.8245810965774
2024-02-27,194.51481338702538
2024-02-28,194.49716400680813
2024-02-29,194.7785997381821
2024-03-01,195.3918865508909
2024-03-04,194.9839486078168
2024-03-05,193.03356709786115
2024-03-06,193.53756636235514
2024-03-07,194.47955893196738
2024-03-08,193.94211970814456
2024-03-11,194.04945377037643
2024-03-12,195.3957365928299
2024-03-13,195.38554945284312
2024-03-14,194.6245588765647
2024-03-15,193.70345867399016
2024-03-18,194.1122784369775
2024-03-19,195.7225806902163
2024-03-20,197.73866802635192
2024-03-21,199.24950113629362
2024-03-22,197.75648962585532
2024-03-25,197.02435566534513
2024-03-26,196.81068405455161
2024-03-27,199.0617641302267
2024-03-28,199.2905104071795
2024-04-01,198.29728098747162
2024-04-02,196.23732024387343
2024-04-03,196.12222423805443
2024-04-04,193.38884758276075
2024-04-05,195.01481082911525
2024-04-08,194.97506654506637
2024-04-09,194.92323211723127
2024-04-10,192.61832817136607
2024-04-11,192.6764320312926
2024-04-12,190.36768238808818
2024-04-15,188.9794396048894
2024-04-16,189.1748577554302
2024-04-17,188.92735556961898
2024-04-18,189.05705020829444
2024-04-19,189.7053145001835
2024-04-22,191.101035240426
2024-04-23,192.2429596527041
2024-04-24,191.9842568853295
2024-04-25,190.32470311527925
2024-04-26,191.34228864555007
2024-04-29,192.02896120694183
2024-04-30,189.12577282929658
2024-05-01,189.54169246924104
2024-05-02,191.21026565057332
2024-05-03,193.6381834461492
2024-05-06,194.68954381091456
2024-05-07,194.88379402307794
2024-05-08,195.7174025195134
2024-05-09,197.25627640665135
2024-05-10,197.90495241353062
2024-05-13,197.35702911691862
2024-05-14,197.9081218669095
2024-05-15,199.75807489940365
2024-05-16,199.47673294057813
2024-05-17,199.99861111587566
2024-05-20,199.0322501404667
2024-05-21,199.40713197834734
2024-05-22,198.39808944459315
2024-05-23,195.7296079769211
2024-05-24,195.84171979513818
2024-05-28,194.92613644477856
2024-05-29,192.92669577540548
2024-05-30,191.34279108347224
2024-05-31,194.07806993603128
2024-06-03,193.7072980857155
2024-06-04,194.5679338985768
2024-06-05,195.24403592529362
2024-06-06,195.45698795365843
2024-06-07,194.64716402569059
2024-06-10,198.49361816603206
2024-06-11,197.97167860737673
2024-06-12,198.0460910397327
2024-06-13,197.9232298095333
2024-06-14,197.63803927620657
2024-06-17,198.68218313639898
2024-06-18,199.02192747001178
2024-06-20,200.39710915858214
2024-06-21,200.3259365764717
2024-06-24,201.29366110989744
2024-06-25,199.95478455187745
2024-06-26,200.11685542998896
2024-06-27,200.224680139286
2024-06-28,200.02333509813147
2024-07-01,200.23127963623472
2024-07-02,200.91601480512165
2024-07-03,201.05183312785198
2024-07-05,201.25034047522666
2024-07-08,201.24030904060882
2024-07-09,201.06447384109697
2024-07-10,203.4441770152063
2024-07-11,203.6565927799234
2024-07-12,205.00559201712485
2024-07-15,205.99373139781676
2024-07-16,209.73423315272768
2024-07-17,210.59991248770646
2024-07-18,208.1154985832168
2024-07-19,206.16329392844412
2024-07-22,206.94470945562801
2024-07-23,207.36564930114957
2024-07-24,204.3285911311048
2024-07-25,205.05552770041433
2024-07-26,208.4498701793472
2024-07-29,208.28861746487303
2024-07-30,208.99532483497669
2024-07-31,209.8195536235986
2024-08-01,207.25053997094318
2024-08-02,204.4114840834913
2024-08-05,199.00430341852072
2024-08-06,200.6764913861699
2024-08-07,199.2687494820764
2024-08-08,202.80155431062934
2024-08-09,203.1634167638623
2024-08-12,202.5695038335905
2024-08-13,204.91089486124133
2024-08-14,206.26323819347607
2024-08-15,209.18069904005645
2024-08-16,209.63130163058983
2024-08-19,210.9893441638789
2024-08-20,210.62691723362502
2024-08-21,210.99645127705526
2024-08-22,210.03788412579604
2024-08-23,212.4353973639489
2024-08-26,212.71698659220075
2024-08-27,212.8074428805819
2024-08-28,212.0304287189944
2024-08-29,212.8889631550987
2024-08-30,214.27752098080728
2024-09-03,210.82071121002454
2024-09-04,210.94591077960084
2024-09-05,209.8457265981686
2024-09-06,207.78596209847805
2024-09-09,210.31597799472468
2024-09-10,210.1905574213384
2024-09-11,211.04420766109277
2024-09-12,212.35303511230012
2024-09-13,213.83213828399988
2024-09-16,214.92457348137725
2024-09-17,214.7317315587737
2024-09-18,214.09854009155168
2024-09-19,216.85901290465495
2024-09-20,216.9612522559817
2024-09-23,217.3391797057912
2024-09-24,217.82564687722407
2024-09-25,216.46830915047792
2024-09-26,217.76254731279198
2024-09-27,218.29652580796292
2024-09-30,218.37751550323944
2024-10-01,217.39038783157753
2024-10-02,217.57307536417252
2024-10-03,216.65444684535527
2024-10-04,218.27809477059733
2024-10-07,216.35359845331192
2024-10-08,217.31702124902705
2024-10-09,219.55557831696964
2024-10-10,219.26529424723543
2024-10-11,221.3120447936017
2024-10-14,222.5655740298206
2024-10-15,220.98101061014637
2024-10-16,222.7704242715895
2024-10-17,223.57164120555765
2024-10-18,223.74547607151962
2024-10-21,222.07495091758304
2024-10-22,221.40677633325555
2024-10-23,219.36920601057108
2024-10-24,218.70374106174103
2024-10-25,217.43048720510834
2024-10-28,218.8398178094872
2024-10-29,218.08233204997754
2024-10-30,217.61325735595005
2024-10-31,215.49221380919332
2024-11-01,216.90374096545804
2024-11-04,216.25607308044744
2024-11-05,218.54571592627275
2024-11-06,226.03525985435402
2024-11-07,226.18357661684863
2024-11-08,227.52527033558422
2024-11-11,229.0906710604197
2024-11-12,227.0946896696554
2024-11-13,227.34083652054795
2024-11-14,226.27093411349077
2024-11-15,224.68916294756073
2024-11-18,224.40245527592995
2024-11-19,223.77843151815532
2024-11-20,224.50422540421434
2024-11-21,226.8984811749956
2024-11-22,229.10109930561663
2024-11-25,231.3785020151961
2024-11-26,232.02000159760738
2024-11-27,231.3050919365687
2024-11-29,232.27621985576948
2024-12-02,231.6150635700031
2024-12-03,231.2243247030712
2024-12-04,232.81768611553875
2024-12-05,231.53735916500776
2024-12-06,230.89892386906772
2024-12-09,229.65468505469204
2024-12-10,228.84890552804896
2024-12-11,228.3345683060606
2024-12-12,227.12232425820775
2024-12-13,226.67655301264594
2024-12-16,226.08823187970773
2024-12-17,224.70706146172725
2024-12-18,218.89958409215652
2024-12-19,218.97916939873627
2024-12-20,221.55700546516678
2024-12-23,221.90473849724734
2024-12-24,223.9227026595041
2024-12-26,224.06633921981964
2024-12-27,222.3421527856564
2024-12-30,220.17914560893115
2024-12-31,220.02756785563972
2025-01-02,219.24091676156246
2025-01-03,221.00006359281335
2025-01-06,220.87632199229674
2025-01-07,219.95502636207962
2025-01-08,220.50942189147028
2025-01-10,216.90286909996033
2025-01-13,218.7596405674692
2025-01-14,219.90669505224292
2025-01-15,223.5487263058464
2025-01-16,223.18846980553272
2025-01-17,224.92289507041252
2025-01-21,227.7058299623366
2025-01-22,228.3878573181874
2025-01-23,230.4989356464211
2025-01-24,229.7768572730133
2025-01-27,231.26834018149637
2025-01-28,231.98616918258224
2025-01-29,231.2765500052715
2025-01-30,232.14468006474223
2025-01-31,230.39674853898563
2025-02-03,229.763104493868
2025-02-04,230.4559793825178
2025-02-05,232.10194723459736
2025-02-06,231.47387967813822
2025-02-07,229.17996862789064
2025-02-10,230.03983807766397
2025-02-11,230.68131566904194
2025-02-12,229.5185113520034
2025-02-13,231.2946183728335
2025-02-14,230.44247117768228
2025-02-18,230.48597454447523
2025-02-19,230.85004205441354
2025-02-20,228.5125487855464
2025-02-21,224.63247820399647
2025-02-24,224.80818668169755
2025-02-25,225.63308893052763
2025-02-26,224.6600328472454
2025-02-27,223.65504165267438
2025-02-28,226.7700899896502
2025-03-03,223.40547817278784
2025-03-04,219.9399338308659
2025-03-05,222.45310520307874
2025-03-06,220.2349460942607
2025-03-07,221.3825769628027
2025-03-10,216.77232109238597
2025-03-11,214.30398457720983
2025-03-12,213.88034238603612
2025-03-13,211.09540898302348
2025-03-14,214.58583526791307
2025-03-17,216.41546372543755
2025-03-18,215.0678670544715
2025-03-19,217.05602048785687
2025-03-20,216.99331190212766
2025-03-21,217.16066111422495
2025-03-24,220.25583939837327
2025-03-25,220.27700607168455
2025-03-26,219.58753602677882
2025-03-27,218.78204007511786
2025-03-28,215.08014485491805
2025-03-31,217.2427108745053
2025-04-01,217.17845149568623
2025-04-02,218.39332766368153
2025-04-03,209.70868819833015
2025-04-04,198.17720486079963
2025-04-07,196.37396479277373
2025-04-08,194.7242850729656
2025-04-09,210.0464798253823
2025-04-10,204.79884848103453
2025-04-11,207.9969937645678
2025-04-14,209.6108982040813
2025-04-15,208.8061414427336
2025-04-16,205.19143860417995
2025-04-17,202.45391774750158
2025-04-21,197.4228001544054
2025-04-22,202.68254381971147
2025-04-23,204.85855462248014
2025-04-24,207.37477861741172
2025-04-25,207.48182221978502
2025-04-28,208.07021090528963
2025-04-29,209.60496560648
2025-04-30,210.3412360937097
2025-05-01,210.77395511425942
2025-05-02,213.69251526951084
2025-05-05,213.1814259165978
2025-05-06,211.16941938041123
2025-05-07,212.63740602402046
2025-05-08,213.9561169259861
2025-05-09,213.34195244098282
2025-05-12,219.34460035274026
2025-05-13,217.9494005059854
2025-05-14,217.48820637772042
2025-05-15,218.88661278442726
2025-05-16,220.60573994445593
2025-05-19,221.31349462233413
2025-05-20,220.71831884786178
2025-05-21,216.49195582915974
2025-05-22,216.4817251387704
2025-05-23,215.15811108685702
2025-05-27,218.987266715899
2025-05-28,217.72143489375952
2025-05-29,218.3267957970881
2025-05-30,218.60563857612374
2025-06-02,218.79119660680246
2025-06-03,219.89855970638723
2025-06-04,219.42115709309076
2025-06-05,218.86298469485095
2025-06-06,221.15517509861323
2025-06-09,221.1524631546648
2025-06-10,221.69868846843974
2025-06-11,221.69375895355148
2025-06-12,222.22109068927668
2025-06-13,218.23544273623784
2025-06-16,219.87989709493598
2025-06-17,218.3333401342074
2025-06-18,218.10451079681107
2025-06-20,218.28682010793253
2025-06-23,220.2242759476973
2025-06-24,222.85278069136203
2025-06-25,222.30564767035
2025-06-26,224.3926432656556
2025-06-27,226.62875531948507
2025-06-30,228.0488866801556
2025-07-01,230.11152495836023
2025-07-02,230.05616283572797
2025-07-03,231.83702611612307
2025-07-07,229.65150692513674
2025-07-08,228.79264991337797
2025-07-09,229.92179191178167
2025-07-10,230.92194143410026
2025-07-11,229.47717975162232
2025-07-14,229.93000465149493
2025-07-15,227.67404040495896
2025-07-16,228.87061104242522
2025-07-17,230.0581126263505
2025-07-18,229.3241386833846
2025-07-21,229.22750279314397
2025-07-22,230.15438924871535
2025-07-23,232.78089900471673
2025-07-24,231.16866794919147
2025-07-25,232.2469053223681
2025-07-28,231.91190193964516
2025-07-29,230.85809259506894
2025-07-30,229.96772036711056
2025-07-31,228.25576374191232
2025-08-01,225.45383199913007
2025-08-04,228.4796587045235
2025-08-05,228.15843397989667
2025-08-06,228.583477643829
2025-08-07,227.42517675022106
2025-08-08,228.4980532926626
2025-08-11,227.45885498501812
2025-08-12,229.9631372413714
2025-08-13,232.36056834726725
2025-08-14,232.30637928224095
2025-08-15,232.4895834218728
2025-08-18,232.31254163146662
2025-08-19,232.36606161019193
2025-08-20,232.4487133901965
2025-08-21,231.6561610448527
2025-08-22,236.03101869827464
2025-08-25,234.22537358878733
2025-08-26,234.92441471458025
2025-08-27,235.68929480717102
2025-08-28,236.06048072954587
2025-08-29,235.58707683939048
2025-09-02,234.30000216505638
2025-09-03,234.17919533475953
2025-09-04,235.99091786677477
2025-09-05,234.85045206567924
2025-09-08,235.440666249944
2025-09-09,236.4592748755326
2025-09-10,235.32172088164413
2025-09-11,238.5125120477429
2025-09-12,237.1009705547824
2025-09-15,237.3555736262212
2025-09-16,236.70633271409264
2025-09-17,238.0544679831288
2025-09-18,238.7002292091016
2025-09-19,239.59736386205108
2025-09-22,239.9413828394495
2025-09-23,239.48090505998252
2025-09-24,238.5935943240547
2025-09-25,237.6938918230988
2025-09-26,239.24726649014536
2025-09-29,239.60166839420242
2025-09-30,240.02335739282583
2025-10-01,240.24784587034173
2025-10-02,240.6536875957682
2025-10-03,241.8933663689148
2025-10-06,241.56540631322184
2025-10-07,241.0889705764068
2025-10-08,241.08100617742335
2025-10-09,239.83036469192203
2025-10-10,235.28287293155623
2025-10-13,238.32564682630473
2025-10-14,239.3665710048236
2025-10-15,239.28889843215276
2025-10-16,237.72766883529962
2025-10-17,238.96318935919058
2025-10-20,241.6310394633874
2025-10-21,242.75580403118678
2025-10-22,241.0280137405028
2025-10-23,241.74946943962468
2025-10-24,244.20605812610745
2025-10-27,245.95657341603268
2025-10-28,246.79606847718125
2025-10-29,246.41347042348903
2025-10-30,246.20982489729568
2025-10-31,246.42098528340742
2025-11-03,245.24907860825567
2025-11-04,243.94638833841952
2025-11-05,245.11606427516213
2025-11-06,243.05039259916722
2025-11-07,243.43794278743925
2025-11-10,245.41462305258332
2025-11-11,248.31250008587054
2025-11-12,250.0059331537196
2025-11-13,245.87362622689415
2025-11-14,244.26886698809002
2025-11-17,241.38183640774508
2025-11-18,238.7991062648504
2025-11-19,239.04280114263497
2025-11-20,237.04028578009786
2025-11-21,239.5952663305289
2025-11-24,240.6462817800534
2025-11-25,244.08737397484157
2025-11-26,245.71764768726152
2025-11-28,247.21650543999883
2025-12-01,245.00378438362935
2025-12-02,245.96293899159534
2025-12-03,248.0790104134738
2025-12-04,247.9134659691462
2025-12-05,248.4525300565824
2025-12-08,247.33516507546494
2025-12-09,246.40758953681924
2025-12-10,248.98489706163704
2025-12-11,252.33316593514067
2025-12-12,251.05886492349754
2025-12-15,250.84387798082162
2025-12-16,249.27771430070806
2025-12-17,248.09496263276023
2025-12-18,248.4362630541037
2025-12-19,249.3845719392005
2025-12-22,250.56477613868523
2025-12-23,250.97784347750783
2025-12-24,252.47383301632598
2025-12-26,252.3692068463158
2025-12-29,251.07896128115402
2025-12-30,250.58742264173955
2025-12-31,249.013603901636
2026-01-02,250.6668486346108
2026-01-05,253.74845148809615
2026-01-06,256.2606888127798
2026-01-07,253.84637887222084
2026-01-08,255.2453971793399
2026-01-09,256.47822930786145
2026-01-12,256.92447494116726
2026-01-13,254.86135280217596
2026-01-14,254.6418985420968
2026-01-15,256.15893742734687
2026-01-16,255.72832217276172
2026-01-20,251.2170745665759
2026-01-21,254.26678539273144
2026-01-22,255.8562319562997
2026-01-23,254.37810596818838
2026-01-26,256.00327671287783
2026-01-27,253.88433220992607
2026-01-28,253.94749168703405
2026-01-29,254.23743815692995
2026-01-30,253.30954503647834
2026-02-02,255.97871620146833
2026-02-03,255.11525580564083
2026-02-04,256.4638774088476
2026-02-05,253.393753251624
2026-02-06,259.6469156477851
2026-02-09,259.75154011429134
2026-02-10,260.0223463789564
2026-02-11,259.67658083042903
2026-02-12,256.20837724876037
2026-02-13,256.4619627920982
2026-02-17,256.62910329793857
2026-02-18,257.2999050639443
2026-02-19,255.91396382649782
2026-02-20,257.1097982830243
2026-02-23,252.85149655444692
2026-02-24,254.7707642347027
2026-02-25,256.36467507370287
2026-02-26,256.4530314426207
2026-02-27,253.7522793831277
2026-03-02,253.373339798877
2026-03-03,251.2827850408337
2026-03-04,252.51657356513857
2026-03-05,248.45125510556232
2026-03-06,246.10328873433244
2026-03-09,247.34282183895886
2026-03-10,247.16514990672619
2026-03-11,245.66661241272953
2026-03-12,241.8357380744717
