Date,S&P 500-style reconstruction,Official S&P 500
2019-01-02,100.0,100.0
2019-01-03,100.0,97.52432696049628
2019-01-04,100.0,100.8728944217258
2019-01-07,100.0,101.58005727606712
2019-01-08,100.86650651286375,102.56490488404772
2019-01-09,101.1566134195846,102.98522052589207
2019-01-10,101.7182186595099,103.45055088068057
2019-01-11,101.79462743752204,103.43541628834238
2019-01-14,101.2783809143798,102.89160198395442
2019-01-15,102.08722995841919,103.99477370234244
2019-01-16,102.38423537046641,104.22584858034898
2019-01-17,103.14157657254725,105.0170687270981
2019-01-18,104.54315060002222,106.40151431517478
2019-01-22,103.25428562268841,104.89515550064132
2019-01-23,103.5130262078769,105.12623037864785
2019-01-24,103.58694358993368,105.27085522021366
2019-01-25,104.36410220816683,106.16446730368776
2019-01-28,103.65239935796768,105.33141304276991
2019-01-29,103.70502707908815,105.17802453301856
2019-01-30,105.02867477033323,106.81346507950573
2019-01-31,105.92727988096568,107.7317827314496
2019-02-01,106.29100454747771,107.82859159876445
2019-02-04,106.87926795099465,108.5592636495591
2019-02-05,107.35412051462619,109.07040629863604
2019-02-06,107.18799181607686,108.82778594434069
2019-02-07,106.2645231053603,107.80946909970477
2019-02-08,106.34547284112924,107.88236997989414
2019-02-11,106.48856566734992,107.95886970273463
2019-02-12,107.73845541040052,109.35048379630823
2019-02-13,108.18867686923726,109.68115907633467
2019-02-14,107.79566985428796,109.3903239571162
2019-02-15,109.1576661990053,110.58035422921884
2019-02-19,109.26302993187507,110.74608579660334
2019-02-20,109.46993132818628,110.94289385661024
2019-02-21,109.24682441853165,110.55166075402757
2019-02-22,109.85093783979431,111.26041877105749
2019-02-25,110.03969948958473,111.39747631645422
2019-02-26,110.00388485226753,111.30942139072313
2019-02-27,110.03211380726327,111.2488635681669
2019-02-28,109.66294255640057,110.93452897909685
2019-03-01,110.28959371811638,111.69945812128937
2019-03-04,109.70516861786332,111.26600184046758
2019-03-05,109.41404913175217,111.1401007072893
2019-03-06,108.60112949392659,110.41501172590475
2019-03-07,107.95470420270516,109.51781052638131
2019-03-08,107.7309516313498,109.28435263094364
2019-03-11,109.16489733273342,110.8871215221198
2019-03-12,109.39013257212342,111.21460647676903
2019-03-13,110.18269634019249,111.98750170580279
2019-03-14,110.22277763459381,111.89029404781579
2019-03-15,110.71885343492293,112.44805629912724
2019-03-18,111.17875354060955,112.86478282492224
2019-03-19,111.05374030312738,112.85004702325621
2019-03-20,110.43856520145405,112.51777658054118
2019-03-21,111.56449303967469,113.7388736186645
2019-03-22,109.50394458008962,111.58073522020977
2019-03-25,109.4011603108299,111.48711667827213
2019-03-26,110.32097689585443,112.2878980745511
2019-03-27,109.77434651633698,111.76639659460001
2019-03-28,110.1882385310602,112.16758001078291
2019-03-29,110.93423491939464,112.92294790344557
2019-04-01,112.140382020926,114.22930833259493
2019-04-02,112.0575938045025,114.23130228595568
2019-04-03,112.24106512175767,114.47671417495609
2019-04-04,112.37586781131954,114.7153563491317
2019-04-05,112.89510947609843,115.2472263865587
2019-04-08,112.86716532511178,115.36794324099903
2019-04-09,112.10891978337327,114.66794889215466
2019-04-10,112.45689468088011,115.06674929090642
2019-04-11,112.49262177397254,115.07113598830007
2019-04-12,113.24886520444394,115.83167843309893
2019-04-15,113.18740256506254,115.75877755290955
2019-04-16,113.20808090498811,115.8177402127772
2019-04-17,112.87243068123753,115.55439247013179
2019-04-18,113.134006206922,115.73686351914482
2019-04-22,113.13100775551028,115.85399125753581
2019-04-23,114.00766798767808,116.87828023565221
2019-04-24,113.87496579612542,116.62211072510551
2019-04-25,113.78479498922331,116.57908023892035
2019-04-26,114.40305141462682,117.12528728734122
2019-04-29,114.51349747120207,117.25078962984736
2019-04-30,115.10469377878736,117.36234402543
2019-05-01,114.09109620152068,116.48187258093336
2019-05-02,113.92848217011746,116.2344667385722
2019-05-03,114.9404550015112,117.35476700265916
2019-05-06,114.46201402223414,116.83007519733087
2019-05-07,112.61473909934891,114.90101772352193
2019-05-08,112.46931424890543,114.71655272114815
2019-05-09,112.1719938325863,114.36994526743923
2019-05-10,112.78126238926798,114.79543546141977
2019-05-13,110.29996315987016,112.02535763985175
2019-05-14,111.32601516384118,112.92334669411773
2019-05-15,111.79566231923346,113.58270330080984
2019-05-16,112.8078457847228,114.59305405860452
2019-05-17,112.2206491117274,113.92413620238257
2019-05-20,111.62564235019951,113.15521915346856
2019-05-21,112.50173906469814,114.11656729159759
2019-05-22,112.20873308969557,113.79425688908455
2019-05-23,110.95710503901495,112.4384950495974
2019-05-24,111.15426255109746,112.5906871873323
2019-05-28,110.06066829191472,111.64766396691866
2019-05-29,109.33500858060282,110.87596510990136
2019-05-30,109.60703675629809,111.10863515059648
2019-05-31,108.28375387142941,109.64251528754315
2019-06-03,108.44866752999178,109.33932738408978
2019-06-04,110.76776761967733,111.68272836626258
2019-06-05,111.73602087487227,112.5942665767799
2019-06-06,112.42433111399122,113.28509846676658
2019-06-07,113.43412457255391,114.47433115752494
2019-06-10,113.83803776931731,115.00778663103877
2019-06-11,113.72009828564336,114.96754767955866
2019-06-12,113.61137291465637,114.7332922027767
2019-06-13,114.02796643764894,115.20339831902923
2019-06-14,113.8468588621318,115.01774667124076
2019-06-17,113.75420996544128,115.12491436942976
2019-06-18,114.85441798811841,116.24362919742988
2019-06-19,115.25607988373625,116.59063544181095
2019-06-20,116.41852228840386,117.69500353221542
2019-06-21,116.14729199858469,117.54679930120203
2019-06-24,115.87934521750344,117.34322152637033
2019-06-25,114.85293055305077,116.22888366916209
2019-06-26,114.59727491122243,116.08546492621448
2019-06-27,115.06798859931406,116.5292800379104
2019-06-28,115.79498030059754,117.20019184749312
2019-07-01,116.60620660977969,118.09938700037729
2019-07-02,116.94595013744504,118.4451968727419
2019-07-03,117.8615808308692,119.35395327515593
2019-07-05,117.57534736357096,119.13841178015974
2019-07-08,117.01873941753365,118.5623246111329
2019-07-09,117.03378189125976,118.7089336794577
2019-07-10,117.44149055512723,119.24439283293404
2019-07-11,117.74453880812577,119.51689330783537
2019-07-12,118.31653253054235,120.06908221633849
2019-07-15,118.29413111901515,120.09019866875893
2019-07-16,117.87612888959487,119.68143822980517
2019-07-17,117.103552079901,118.89976960598412
2019-07-18,117.63913822037269,119.32566831723857
2019-07-19,116.99410913612431,118.58862534229128
2019-07-22,117.20179134250961,118.92407638378175
2019-07-23,118.08741367698643,119.73840693631206
2019-07-24,118.66623879561497,120.29975830367287
2019-07-25,118.07927182301772,119.66669270153737
2019-07-26,118.82897230460006,120.55075326208338
2019-07-29,118.63566650843806,120.35592942883547
2019-07-30,118.39455714370455,120.04557301988517
2019-07-31,117.00423650711042,118.73881380006367
2019-08-01,115.98776886748752,117.67030769034741
2019-08-02,115.277984816892,116.81334544230408
2019-08-05,111.96876787465027,113.33489866777654
2019-08-06,113.4004775599503,114.81018098968757
2019-08-07,113.44552704081275,114.89822618881688
2019-08-08,115.53713326987791,117.05398156984046
2019-08-09,114.83126331073082,116.27948145151635
2019-08-12,113.38334703947383,114.84722961579048
2019-08-13,114.93492294044052,116.5850620990026
2019-08-14,111.65729415739062,113.16996468173635
2019-08-15,111.74490425812522,113.44884580739208
2019-08-16,113.50965322844434,115.08547299929394
2019-08-19,114.74009022583257,116.47868225555615
2019-08-20,113.84343179941565,115.55678521416469
2019-08-21,114.72625122414672,116.50975874817857
2019-08-22,114.72233586647104,116.45079608831092
2019-08-23,111.91955936168473,113.42932451766025
2019-08-26,113.12124766441096,114.67511739765159
2019-08-27,112.77019348885986,114.3077922821944
2019-08-28,113.50741162330851,115.05599166936013
2019-08-29,114.859286231825,116.51574060826083
2019-08-30,114.99872802805669,116.59063544181095
2019-09-03,114.28406508134084,115.78626492948263
2019-09-04,115.52375948679341,117.04162878560557
2019-09-05,116.82476075862014,118.56431856449365
2019-09-06,116.98018756625711,118.67228384402694
2019-09-09,116.85284750873734,118.6611274318085
2019-09-10,116.81815529048282,118.69937242992786
2019-09-11,117.57229042413432,119.55753104998763
2019-09-12,117.91444909522231,119.9017554862654
2019-09-13,117.88906706648761,119.81489693255078
2019-09-16,117.5346291154766,119.4392069395802
2019-09-17,117.86795005322685,119.74756939516975
2019-09-18,117.91415426052714,119.78860592799415
2019-09-19,117.94036151802516,119.79099867202706
2019-09-20,117.44391887493906,119.20455267212608
2019-09-23,117.45831231937296,119.1929974692355
2019-09-24,116.51628077953437,118.1898249435395
2019-09-25,117.12926040939658,118.9177054596291
2019-09-26,116.89756838998471,118.62886429377139
2019-09-27,116.29739957581702,117.99819143566879
2019-09-30,116.80066353019313,118.59379989442746
2019-10-01,115.2395507602207,117.14003281560902
2019-10-02,113.18994964541619,115.04285103038269
2019-10-03,114.08141047304672,115.95996258370835
2019-10-04,115.63633493959667,117.60855349577471
2019-10-07,115.10555393371568,117.08186773708567
2019-10-08,113.27200661507213,115.25997796146574
2019-10-09,114.29325738673633,116.30936157212231
2019-10-10,114.98899111529082,117.05556700592729
2019-10-11,116.22153333506344,118.33603522119216
2019-10-14,116.02677121866567,118.17188908989452
2019-10-15,117.08582084375317,119.34837020574584
2019-10-16,116.78156916340856,119.10972803157021
2019-10-17,117.08639887050072,119.43880814890805
2019-10-18,116.68762442876017,118.9706862594145
2019-10-21,117.30972995227454,119.78820713732202
2019-10-22,116.96784568291096,119.36072298998073
2019-10-23,117.2495726836204,119.70056072886484
2019-10-24,117.46207864185743,119.93043923485493
2019-10-25,117.96383701287535,120.4188799954246
2019-10-28,118.50566918335927,121.090978450422
2019-10-29,118.61346478331951,120.99018167638565
2019-10-30,119.24359693127458,121.38380752300122
2019-10-31,118.69213445003099,121.01688119821618
2019-11-01,119.7653013033202,122.18618408196879
2019-11-04,120.13977063650145,122.63877258845201
2019-11-05,119.96670544269945,122.49335989214366
2019-11-06,120.14015344722057,122.57941113791222
2019-11-07,120.51931020875053,122.91406459805839
2019-11-08,120.88666642795141,123.22880770440234
2019-11-11,120.65963884519233,122.98697520484953
2019-11-12,120.80603708207293,123.17940629406455
2019-11-13,120.98382541404062,123.26705270252171
2019-11-14,121.07610491029286,123.3702324939892
2019-11-15,122.02262866066818,124.31962663855549
2019-11-18,122.02212599580939,124.38217841447248
2019-11-19,122.03357369798762,124.30847022633705
2019-11-20,121.66745653299391,123.84154470885996
2019-11-21,121.48148097022806,123.64553423019734
2019-11-22,121.77148955167469,123.91445531565108
2019-11-25,122.58609699630428,124.84471723455593
2019-11-26,122.88464475835552,125.11882259874763
2019-11-27,123.29529382509163,125.64112166004301
2019-11-29,122.8216007086964,125.137147516463
2019-12-02,121.78985487408598,124.05708620385614
2019-12-03,120.99960223988056,123.23358346586639
2019-12-04,121.70948938045709,124.01285934565453
2019-12-05,121.8414231959555,124.19890978411516
2019-12-06,122.9142364261395,125.33355678579775
2019-12-09,122.5468447880471,124.9371491310789
2019-12-10,122.41313732190197,124.80010131228393
2019-12-11,122.71251185398462,125.16303973034748
2019-12-12,123.89284778573267,126.2363410547313
2019-12-13,123.90027604600455,126.24550351358899
2019-12-16,124.6278613729204,127.14787926524862
2019-12-17,124.58773545657567,127.19051096076163
2019-12-18,124.44918945296888,127.13552648101373
2019-12-19,125.0009047988423,127.70246091778463
2019-12-20,125.7245031101993,128.33392163062976
2019-12-23,125.79058562415571,128.44507723554025
2019-12-24,125.79295571001701,128.41997287639833
2019-12-26,126.2302567377065,129.07853190174615
2019-12-27,126.25240108652605,129.0829185991398
2019-12-30,125.55279435935378,128.33671316533483
2019-12-31,125.90470635567921,128.7147959023383
2020-01-02,126.89079734006089,129.79327177885833
2020-01-03,126.05641062932986,128.8769480802752
2020-01-06,126.32087538613324,129.33231839486172
2020-01-07,125.91371747897921,128.96976904086856
2020-01-08,126.5287265235508,129.60203706165976
2020-01-09,127.31986746372314,130.4645726525114
2020-01-10,126.9237972624556,130.09207298491802
2020-01-13,127.84106149497896,130.99962328871385
2020-01-14,127.73905525737528,130.80122006601835
2020-01-15,127.98857841653457,131.0458441002762
2020-01-16,129.039404218373,132.14224610383945
2020-01-17,129.47742540719148,132.65260089817386
2020-01-21,129.05357865160425,132.300809165727
2020-01-22,129.08284561683743,132.33905416384636
2020-01-23,129.2820015189001,132.4900499295648
2020-01-24,128.11690099601086,131.2920535706209
2020-01-27,126.23614101041103,129.22673613275956
2020-01-28,127.38747315718426,130.52592805641194
2020-01-29,127.38151463886982,130.4127784981407
2020-01-30,127.98606219728332,130.82153893709446
2020-01-31,125.5785582775586,128.50523626742435
2020-02-03,126.42546397191947,129.43749213968997
2020-02-04,128.35867037094826,131.37651938030265
2020-02-05,129.83926877574527,132.85458351031696
2020-02-06,130.20764976510802,133.2964143952539
2020-02-07,129.46787852864173,132.5764999660055
2020-02-10,130.3304571489933,133.54780814433656
2020-02-11,130.63483757479412,133.77329995293297
2020-02-12,131.34419005952452,134.6378294971454
2020-02-13,131.08218450130755,134.41830982202944
2020-02-14,131.31171395440984,134.66611445506277
2020-02-18,130.88523389350638,134.2728971257211
2020-02-19,131.42024070733126,134.9047566292384
2020-02-20,131.02573014688195,134.3900248641121
2020-02-21,129.830958424331,132.97649673677375
2020-02-24,125.659396925755,128.5199720690904
2020-02-25,121.75566333754308,124.62838788481719
2020-02-26,120.97623501458597,124.15747446061859
2020-02-27,115.76634404005716,118.67427779738769
2020-02-28,114.64411082142301,117.69659869490403
2020-03-02,119.86444911038951,123.11525935545896
2020-03-03,116.5949594815545,119.65474843457639
2020-03-04,121.43717716172688,124.70448881698553
2020-03-05,117.29500511878213,120.4742535392429
2020-03-06,115.12918440253831,118.41970344952959
2020-03-09,106.05858084791475,109.42339440309937
2020-03-10,111.24091192332726,114.82850590740294
2020-03-11,105.64946430362131,109.21701536696085
2020-03-12,95.41003436510633,98.82909222695703
2020-03-13,104.37632010404963,108.00747353172812
2020-03-16,91.648264430669,95.06379823993251
2020-03-17,97.15678937870204,100.76333397950391
2020-03-18,91.62308796825894,95.54069352421335
2020-03-19,92.0105455306931,95.99048076938976
2020-03-20,88.03156526353936,91.82838033697423
2020-03-23,84.99721719391012,89.13837190109253
2020-03-24,93.39311927234017,97.50202386266116
2020-03-25,95.13740812418476,98.62671082414178
2020-03-26,101.27336573659151,104.78241445964399
2020-03-27,97.85422782852606,101.25257232141789
2020-03-30,101.09707481637219,104.64615449559156
2020-03-31,99.26603391748533,102.97048472422604
2020-04-01,94.78443847120623,98.42511727606907
2020-04-02,97.07381559957776,100.6720984549974
2020-04-03,95.57758580990574,99.14821230409287
2020-04-06,102.25699561903873,106.1214368175026
2020-04-07,102.01365848403144,105.95131855272446
2020-04-08,105.66128283335223,109.55964464055003
2020-04-09,107.37882364240915,111.14688014871585
2020-04-13,105.68289222862246,110.02377862332207
2020-04-14,108.60923050873585,113.38749040349154
2020-04-15,105.79310890591833,110.8895142661527
2020-04-16,106.14710277795673,111.53452413524917
2020-04-17,109.61167984353828,114.52293498651845
2020-04-20,107.41334181002034,112.47514488502816
2020-04-21,104.16840149864038,109.02499279501974
2020-04-22,106.35802786640352,111.52496288571933
2020-04-23,106.1975243283238,111.46480385383525
2020-04-24,107.59694457535896,113.01617738131284
2020-04-27,109.53950585879792,114.6791053043731
2020-04-28,109.38301523042075,114.07791377620431
2020-04-29,111.90602652309558,117.1105514856752
2020-04-30,110.29073420526461,116.03167681848304
2020-05-01,107.31208305924342,112.77594004444863
2020-05-04,107.52926849794089,113.25521834616062
2020-05-05,108.4808271528971,114.27910853360487
2020-05-06,107.44753558411611,113.48150773610135
2020-05-07,108.80211273905888,114.78707058390638
2020-05-08,110.76731978487835,116.72370508048617
2020-05-11,110.52124030178607,116.7392384634965
2020-05-12,108.20470845564196,114.34604700691551
2020-05-13,106.15771807471968,112.34925347845164
2020-05-14,107.36629991800713,113.64405870471039
2020-05-15,107.67080328214047,114.0902665604392
2020-05-18,111.55971362952101,117.68424591066913
2020-05-19,110.13869231895863,116.45039729763877
2020-05-20,111.83947400078709,118.38942453825146
2020-05-21,111.02374100683838,117.46911293294686
2020-05-22,111.22440781959565,117.74560131456968
2020-05-26,113.0102946192436,119.19259867856334
2020-05-27,115.0656831554403,120.95990276510753
2020-05-28,114.80684407523627,120.70492962657728
2020-05-29,115.27781296652589,121.28580228366992
2020-06-01,115.59860788749556,121.74077380758428
2020-06-02,116.67863302105465,122.74036694383267
2020-06-03,118.60525596436364,124.4156476511278
2020-06-04,118.4048900611668,123.99652838129991
2020-06-05,121.60461698560627,127.24668208592422
2020-06-08,123.23403203200876,128.77893311434212
2020-06-09,121.58209087480827,127.77456421662971
2020-06-10,120.55114443546351,127.09568632020576
2020-06-11,113.07747358343101,119.60415065222215
2020-06-12,114.79781574603783,121.16628180124603
2020-06-15,115.69055067397547,122.17344223366352
2020-06-16,117.90236907310876,124.49014369400578
2020-06-17,117.23214612491539,124.04194188491621
2020-06-18,117.38907817010573,124.11565007305164
2020-06-19,116.55334347109421,123.41445935219082
2020-06-22,117.05012301854296,124.21604805641584
2020-06-23,117.38007867875089,124.75109869261827
2020-06-24,114.15648281585962,121.52564082986198
2020-06-25,115.46175721872909,122.85749468222366
2020-06-26,112.94929329406216,119.88103782451712
2020-06-29,114.67263730313404,121.64157219623652
2020-06-30,116.31847164859643,123.51605370757147
2020-07-01,116.5002399075184,124.13636773479992
2020-07-02,117.06587984119254,124.70010211959188
2020-07-06,118.53832914074984,126.68055495709936
2020-07-07,117.1508761539879,125.3100573159462
2020-07-08,117.85514316785913,126.29091701720529
2020-07-09,116.71846041724466,125.57818082005564
2020-07-10,117.97769532405889,126.89250733604621
2020-07-13,117.11417167237839,125.7044710173043
2020-07-14,118.85129186348335,127.38971176480143
2020-07-15,120.29701952585053,128.5466715909209
2020-07-16,119.84868305842741,128.10882861270548
2020-07-17,120.38588741604836,128.4737609841298
2020-07-20,120.69229016792829,129.5538320233384
2020-07-21,121.24352903406952,129.77135774509358
2020-07-22,122.08363165810492,130.5171643882264
2020-07-23,121.07725900447228,128.90921121831232
2020-07-24,120.15998645713901,128.11121163013664
2020-07-27,120.77662533549184,129.05861182134217
2020-07-28,120.2944000494013,128.22316481639143
2020-07-29,121.63522197248867,129.8167712487099
2020-07-30,120.82824198811528,129.3299256508288
2020-07-31,120.88651757258708,130.3219514909081
2020-08-03,121.87179607457412,131.25779647922306
2020-08-04,122.29048325578769,131.7318905021971
2020-08-05,123.16380320392899,132.57889271003842
2020-08-06,123.60001486251424,133.43106947001596
2020-08-07,124.02780522023666,133.51553527969767
2020-08-10,124.50959588894001,133.88166402313843
2020-08-11,123.9325891976399,132.814743349509
2020-08-12,125.36669107527875,134.67369147783361
2020-08-13,124.87377365782287,134.39799095095333
2020-08-14,124.91124207158315,134.3748902717739
2020-08-17,125.08621242995083,134.73902506185388
2020-08-18,124.99960652604172,135.0493814708042
2020-08-19,124.53043029678528,134.45457059338983
2020-08-20,124.5649976051499,134.87926320602605
2020-08-21,124.7126427537693,135.3433971887981
2020-08-24,126.05498796110217,136.7027481443346
2020-08-25,126.40248192226669,137.19437923028147
2020-08-26,127.16512132401006,138.59316182935203
2020-08-27,127.85101249717596,138.82503428870285
2020-08-28,128.871530628466,139.75968290500134
2020-08-31,128.09561913367176,139.4529156121004
2020-09-01,128.40815023267297,140.502299222757
2020-09-02,130.22913538798602,142.66124492915776
2020-09-03,126.08121840324628,137.65014833554014
2020-09-04,125.40782902246652,136.5306359261957
2020-09-08,121.84148463742576,132.74104488797533
2020-09-09,124.28850742102561,135.4151114235728
2020-09-10,122.46434417733674,133.03386423395278
2020-09-11,122.82432354846138,133.10478088738316
2020-09-14,124.81399015026192,134.80077925642658
2020-09-15,125.46473162858243,135.50435299471854
2020-09-16,125.51377792982106,134.87846562468175
2020-09-17,124.64930441882234,133.74381862299916
2020-09-18,123.67070434778744,132.248217430012
2020-09-21,121.87304120630702,130.7179603549548
2020-09-22,122.51701409542042,132.09284469350166
2020-09-23,119.62718728524943,128.95941020999442
2020-09-24,119.87600532087687,129.3446711790966
2020-09-25,121.65278906786858,131.41117526237264
2020-09-28,123.60069161304479,133.52828685460472
2020-09-29,122.91035610524459,132.88566000293937
2020-09-30,124.04933361373027,133.98246079717478
2020-10-01,124.61796615569992,134.69161760487685
2020-10-02,123.72156543388353,133.40158814008214
2020-10-05,125.70411690481804,135.79917602065854
2020-10-06,124.11974240872354,133.9015841035424
2020-10-07,126.28645601982242,136.2310371387917
2020-10-08,127.39357445559698,137.32226459021877
2020-10-09,128.38524783550815,138.52981247209073
2020-10-12,129.7031467263232,140.80389196352175
2020-10-13,128.93961082688713,139.915853222856
2020-10-14,128.30770323655787,138.98917069339873
2020-10-15,128.14748933700247,138.7768292503815
2020-10-16,128.3946380574284,138.79555295876904
2020-10-19,126.42477583238932,136.5290407635071
2020-10-20,126.7925873217789,137.1744591498775
2020-10-21,126.39256321665557,136.8732651997849
2020-10-22,127.27530613003644,137.58759655962314
2020-10-23,127.46929562480646,138.06169058259718
2020-10-26,125.04774773343645,135.49519053586087
2020-10-27,124.28423575435417,135.08523372489066
2020-10-28,120.1633834833573,130.31836237485876
2020-10-29,121.34764723549915,131.87531897174645
2020-10-30,120.19942446861447,130.27573067934574
2020-11-02,121.91487493992103,131.88049352388265
2020-11-03,124.15795157064109,134.22787268617517
2020-11-04,126.2655255017721,137.1872009981828
2020-11-05,128.75506495890636,139.85689056298835
2020-11-06,128.81077147655813,139.81665161150823
2020-11-09,131.335974741555,141.45249094866756
2020-11-10,131.60195471464095,141.25448651664422
2020-11-11,132.36046940300443,142.33534541059535
2020-11-12,130.97615331082932,140.91504756843224
2020-11-13,132.89833573659843,142.83294863002274
2020-11-16,134.63389769524795,144.49667413442728
2020-11-17,134.11815165600447,143.80425680835376
2020-11-18,132.65749733486768,142.14132888529352
2020-11-19,133.17021937439893,142.70228146198215
2020-11-20,132.31604916601597,141.7329672370119
2020-11-23,133.32068992426213,142.5317644065319
2020-11-24,135.62382784552972,144.83531550129496
2020-11-25,135.36124526243927,144.60583578597704
2020-11-27,135.61447691024088,144.9524529662877
2020-11-30,135.01493328296513,144.28631691816904
2020-12-01,136.30794154507896,145.91259500579852
2020-12-02,136.4822199510021,146.17394879508316
2020-12-03,136.63559832203777,146.08271327057665
2020-12-04,138.04592919024543,147.37354031671566
2020-12-07,137.793767298806,147.08827854030554
2020-12-08,138.2549259312329,147.49823535127572
2020-12-09,137.38067747000758,146.3257421421459
2020-12-10,137.2499701164321,146.13769775032455
2020-12-11,136.93445061795904,145.9528339572786
2020-12-14,136.0486139082819,145.31658775636768
2020-12-15,137.93041308416636,147.19425959307983
2020-12-16,138.02898403260613,147.45520486509056
2020-12-17,139.08190609577474,148.30420102629265
2020-12-18,138.70135414379067,147.7834874010841
2020-12-21,138.3418550903248,147.2062038600408
2020-12-22,138.18508685265795,146.90103172982847
2020-12-23,138.38661652072736,147.01059217205037
2020-12-24,138.83215132388403,147.5305082159146
2020-12-28,139.63943153813372,148.81734735533212
2020-12-29,139.1936690763561,148.48587449396138
2020-12-30,139.51492380349347,148.68507529800118
2020-12-31,140.40693629355653,149.64243552940871
2021-01-04,138.21790901928605,147.4344872033423
2021-01-05,139.22612875637498,148.47870598846444
2021-01-06,140.4629994083673,149.3264960510483
2021-01-07,142.336316848443,151.54360683597244
2021-01-08,142.9961691638437,152.37586351554597
2021-01-11,142.49352644374562,151.37707768724366
2021-01-12,142.73198058320156,151.44001852723102
2021-01-13,142.94276010496756,151.78464175418097
2021-01-14,142.59185403443428,151.21492550930677
2021-01-15,141.42006068571436,150.1276859646012
2021-01-19,142.30203307441988,151.34918179339667
2021-01-20,143.6885420967766,153.45832729878748
2021-01-21,143.55109380825374,153.506931127781
2021-01-22,143.16562338877495,153.04478137176793
2021-01-25,143.65734142419777,153.59816665228752
2021-01-26,143.3262800761905,153.36948451831387
2021-01-27,139.98449020643028,149.43128073180617
2021-01-28,141.4291095116492,150.88982357208866
2021-01-29,138.64285090551124,147.97591849029914
2021-02-01,140.48329529462157,150.35119354643865
2021-02-02,142.46919430185866,152.44080803549588
2021-02-03,142.53038329992762,152.59458560931762
2021-02-04,144.3746975654223,154.2507438175531
2021-02-05,144.85961104416273,154.85193534572184
2021-02-08,146.08565705898872,155.9977387596229
2021-02-09,145.9435688497673,155.8240313787954
2021-02-10,145.95214625664528,155.77024327106395
2021-02-11,146.22277991923,156.0292043163157
2021-02-12,146.87482314629116,156.764263064504
2021-02-16,146.6744445398191,156.67502149335823
2021-02-17,146.50360859711927,156.62482250167614
2021-02-18,145.81767303829784,155.93319303034514
2021-02-19,145.86921901818846,155.64395307381528
2021-02-22,145.0774004368679,154.44038337206305
2021-02-23,145.2114084437376,154.63440962396666
2021-02-24,146.98275030351834,156.3897597169481
2021-02-25,143.65532676720838,152.5615248899362
2021-02-26,142.7478397448243,151.83682497262205
2021-03-01,146.15642529548032,155.44913896716912
2021-03-02,145.16115136064948,154.1929775297019
2021-03-03,143.68593395276952,152.17825787419477
2021-03-04,141.69955580182213,150.13644963278674
2021-03-05,144.49862037174427,153.06350508015547
2021-03-08,144.37064744329206,152.24320239414467
2021-03-09,145.85561620890678,154.39815046722217
2021-03-10,146.80830565034302,155.3292196940731
2021-03-11,147.8107929576138,156.94394257881197
2021-03-12,148.2881840535816,157.10330322204382
2021-03-15,149.29299485046658,158.12320550276658
2021-03-16,148.87696559650124,157.87500207906112
2021-03-17,149.2096630113172,158.3295845389051
2021-03-18,147.24764753785965,155.99255448088493
2021-03-19,146.83074826345182,155.89853714827512
2021-03-22,147.71681816690045,156.99374277982193
2021-03-23,146.34447130842852,155.79574642087803
2021-03-24,145.77652884748224,154.9439587249709
2021-03-25,146.86406197024334,155.75590626007008
2021-03-26,149.5561850718626,158.34631429393187
2021-03-29,149.22821953933553,158.20886768446476
2021-03-30,148.83638971206264,157.70927051167664
2021-03-31,149.0719161134256,158.2805721926377
2021-04-01,150.62187047390373,160.15227189586935
2021-04-05,152.48856554445146,162.46458665881795
2021-04-06,152.41392819812512,162.30642238760254
2021-04-07,152.34945748980533,162.54586214312246
2021-04-08,152.97724344181697,163.23190854504335
2021-04-09,154.15485248918907,164.49204816263034
2021-04-12,154.08836218449116,164.45979475119498
2021-04-13,154.4780285713461,165.00160537562044
2021-04-14,154.20237569931086,164.3271239031919
2021-04-15,155.71010293953628,166.15020032422655
2021-04-16,156.3702798324007,166.74980641630847
2021-04-19,155.65032611018853,165.86493854781642
2021-04-20,154.41974880035878,164.7366721968882
2021-04-21,155.95991345753254,166.26972080665044
2021-04-22,154.77715152089675,164.7382673595768
2021-04-23,156.39495733077356,166.53864189210418
2021-04-26,156.49952396434588,166.83545887140488
2021-04-27,156.63768686613312,166.79960661731843
2021-04-28,156.20082530236732,166.65857089180196
2021-04-29,156.9719089485742,167.78565059731548
2021-04-30,155.8126597759952,166.57848205291214
2021-05-03,156.6422876138533,167.0362548381333
2021-05-04,155.7314076031933,165.92073033551037
2021-05-05,155.90158919736555,166.03744955662745
2021-05-06,157.04864297375008,167.39322112271634
2021-05-07,158.27654815697846,168.62746852641885
2021-05-10,157.14738190750995,166.86773173604377
2021-05-11,155.60811584337222,165.42033558137794
2021-05-12,152.33701348615247,161.87216852543648
2021-05-13,154.30841801020892,163.84266132274198
2021-05-14,156.54615123220935,166.28685907895112
2021-05-17,155.97415721685383,165.86614464643463
2021-05-18,154.72596230694626,164.4534141004406
2021-05-19,154.17387459664303,163.96936003726455
2021-05-20,155.6400012431703,165.700014288378
2021-05-21,155.67260381355638,165.5701252484782
2021-05-24,156.9382732207686,167.21113913777373
2021-05-25,156.50632616183947,166.85576801587925
2021-05-26,156.8184390599737,167.16892568613636
2021-05-27,157.2647561595053,167.36373006618078
2021-05-28,157.3139792984039,167.49241300746235
2021-06-01,157.2319926801217,167.40995087774314
2021-06-02,157.48868177003988,167.6521821679681
2021-06-03,157.05948933698238,167.0438221343024
2021-06-04,158.28214599302947,168.51950324688556
2021-06-07,158.1562470783136,168.3852372361939
2021-06-08,158.06165196733681,168.41470883952596
2021-06-09,157.70778265594575,168.10754275595286
2021-06-10,158.21248156090329,168.88961989704782
2021-06-11,158.5943084945112,169.2186902877839
2021-06-14,158.62848139550803,169.52585637135698
2021-06-15,158.3714544017147,169.1848222604564
2021-06-16,157.441572704192,168.2728949858687
2021-06-17,156.98737101049426,168.19957586180365
2021-06-18,154.83644094812433,165.9920457796129
2021-06-21,157.30768103308034,168.31631453612425
2021-06-22,157.96254160476667,169.17885012697593
2021-06-23,157.63445142580233,168.9955814966186
2021-06-24,158.69442590151002,169.97765702309766
2021-06-25,159.45330433806924,170.54378415192252
2021-06-28,159.38386191722554,170.93858691735102
2021-06-29,159.55319708528364,170.98599437432807
2021-06-30,159.88411238355417,171.21309107221487
2021-07-01,160.7042637955874,172.1071019463611
2021-07-02,161.72359991059355,173.39791926589834
2021-07-06,160.95989835264842,173.0473336320697
2021-07-07,161.6715789243631,173.62859535323273
2021-07-08,160.17816173738825,172.14215661910325
2021-07-09,162.19266673101978,174.0835668771471
2021-07-12,162.5106002162254,174.6843596146437
2021-07-13,161.97571292773262,174.0700274474975
2021-07-14,162.23685439184726,174.2728076409849
2021-07-15,162.01991628385105,173.70428776812716
2021-07-16,160.97163063320716,172.39475646680413
2021-07-19,158.18660699262603,169.65893573663396
2021-07-20,160.7899013867305,172.23140791685077
2021-07-21,162.14060132716,173.6509081776696
2021-07-22,162.24975875924696,174.00110474742786
2021-07-23,163.6154158063737,175.76642460721308
2021-07-26,163.93878782943995,176.18513535976706
2021-07-27,163.46570602535374,175.35487263355427
2021-07-28,163.24556793533233,175.322210704845
2021-07-29,164.14822329010042,176.0596427438627
2021-07-30,163.62716159730678,175.1078558552635
2021-08-02,163.18479488606977,174.7851661152818
2021-08-03,164.63179235611486,176.21900338709452
2021-08-04,163.80786879831112,175.40268860780523
2021-08-05,164.67643025847855,176.4560601251833
2021-08-06,165.14660885079226,176.75167100586583
2021-08-09,165.03020055560597,176.58554064780918
2021-08-10,165.2992360848412,176.7608334647235
2021-08-11,165.82656973914132,176.9863349999217
2021-08-12,166.2272056107662,177.72018764949178
2021-08-13,166.5396855247647,178.00583848997232
2021-08-16,166.9724350661728,178.47236521677726
2021-08-17,166.0289332742837,177.21222559919028
2021-08-18,164.23601015325505,175.3074651765772
2021-08-19,164.31351596999386,175.52777270643568
2021-08-20,165.54804979851843,176.95684394338613
2021-08-23,166.67439240114805,178.46518698467855
2021-08-24,166.91012916877997,178.7321238433733
2021-08-25,167.19662995566148,179.12893028876434
2021-08-26,166.1578826908503,178.08551881158823
2021-08-27,167.40958379502666,179.65403061136652
2021-08-30,167.91204500679737,180.4277234217446
2021-08-31,167.53131558497586,180.1843054861049
2021-09-01,167.53544340874208,180.24046688466575
2021-09-02,168.21557676551936,180.75282535896267
2021-09-03,168.02698393884472,180.69226753640643
2021-09-07,167.21254692869772,180.078713497401
2021-09-08,167.02265937980394,179.84126769524184
2021-09-09,166.30187479293235,179.01298919578804
2021-09-10,165.02715791848732,177.63054728767386
2021-09-13,165.40246258424872,178.03492102923397
2021-09-14,164.31840705228197,177.01181869653226
2021-09-15,165.70272107322896,178.51181631351483
2021-09-16,165.48846198230265,178.23491941461808
2021-09-17,164.0770824768919,176.61104379762327
2021-09-20,161.48911890191013,173.61266317955025
2021-09-21,161.42818980161894,173.47162745403378
2021-09-22,163.0691766289614,175.1230099008052
2021-09-23,165.09674655974482,177.24807785327675
2021-09-24,165.1756900077872,177.5070388985285
2021-09-27,164.6976149898032,177.01421144056516
2021-09-28,161.60850726933663,173.40947446878894
2021-09-29,161.97800782490853,173.6815858796199
2021-09-30,159.89444131160678,171.61308784298308
2021-10-01,161.80659680403815,173.58517580297718
2021-10-04,160.01638736125122,171.33101639195016
2021-10-05,161.53157284678514,173.13419218578431
2021-10-06,162.15494520202432,173.8445259122993
2021-10-07,163.50862042381274,175.28713657889932
2021-10-08,163.207101108444,174.95168553740885
2021-10-11,162.11859719385836,173.75050857968952
2021-10-12,161.8488170652892,173.3305917285173
2021-10-13,162.3037766761731,173.8544859525013
2021-10-14,165.02243364298545,176.82098277000586
2021-10-15,166.2217543272793,178.140104500664
2021-10-18,166.4989336934219,178.741286302231
2021-10-19,167.82216783840795,180.06278132371853
2021-10-20,168.63792598251635,180.72253672108278
2021-10-21,168.9830254251547,181.26395828143785
2021-10-22,169.35311110316132,181.06954296546385
2021-10-25,169.949444887662,181.92929674821224
2021-10-26,170.1539141490711,182.26037081891081
2021-10-27,168.71754822925226,181.3396701495358
2021-10-28,170.31602517637975,183.12210882841816
2021-10-29,170.43096119301998,183.47907511300122
2021-11-01,170.79635297110963,183.80935160235552
2021-11-02,171.46131756971806,184.48583675474654
2021-11-03,172.45225103713358,185.6778512536082
2021-11-04,172.59140062540956,186.45434532529308
2021-11-05,173.3000432482745,187.1503420408142
2021-11-08,173.61123768459572,187.31649185207434
2021-11-09,173.09453281049036,186.66111342550195
2021-11-10,171.8779272294234,185.12567207170684
2021-11-11,171.8899302493638,185.22766521775964
2021-11-12,172.9694780930334,186.56550093020357
2021-11-15,172.94200727826785,186.56349725024106
2021-11-16,173.71793955344032,187.28460805150587
2021-11-17,173.18070903194976,186.79736366295262
2021-11-18,173.19945273625788,187.42963168374382
2021-11-19,172.66091587139982,187.16748031311488
2021-11-22,172.37419287958994,186.56908031965116
2021-11-23,172.86367840846663,186.87825008318677
2021-11-24,173.16080443701838,187.30692087594275
2021-11-26,169.271085144669,183.05040432024526
2021-11-29,171.15159844947806,185.46670618260742
2021-11-30,167.9520778493097,181.95001440996052
2021-12-01,166.17873137827195,179.8002408890192
2021-12-02,168.85345799022022,182.35240392476163
2021-12-03,167.65292778167202,180.8117880188303
2021-12-06,169.69173784734517,182.93286806458036
2021-12-07,172.82565594368148,186.7208736667139
2021-12-08,173.33973869963899,187.29696083574075
2021-12-09,172.32770126260527,185.95196634440165
2021-12-10,174.18677227840482,187.72763530845924
2021-12-13,172.86657754607822,186.0125241669579
2021-12-14,171.53890150827655,184.6228845735415
2021-12-15,174.0326023847976,187.64118527201853
2021-12-16,173.00914185053466,186.0005604467934
2021-12-17,171.1483029610199,184.08704608259654
2021-12-20,169.14795776777453,181.99065215211277
2021-12-21,172.0690667531989,185.22607005507103
2021-12-22,173.73904827999021,187.11170797862442
2021-12-23,174.76961290882602,188.276235100913
2021-12-27,177.1270676544994,190.881777727113
2021-12-28,176.97914318582787,190.6889575738276
2021-12-29,177.3155090294602,190.95628349659273
2021-12-30,176.85944061877902,190.38537087970207
2021-12-31,176.59379113655723,189.88538464284355
2022-01-03,177.35752818451644,191.09572405942058
2022-01-04,177.63574956968262,190.9754059956524
2022-01-05,174.59741732456345,187.27186620320057
2022-01-06,174.36685641988973,187.09137938094653
2022-01-07,173.90865495592752,186.33361874425097
2022-01-10,173.5302764757771,186.06510617607114
2022-01-11,175.0204725669956,187.7694596960262
2022-01-12,175.39203020871318,188.29854792534988
2022-01-13,173.29235662330296,185.61649584970766
2022-01-14,173.16091513161882,185.76869771404432
2022-01-18,170.12051580322708,182.35279298883202
2022-01-19,168.53082623999012,180.58587796635823
2022-01-20,166.95459589928114,178.59268328054546
2022-01-21,164.41637539732028,175.2146344893821
2022-01-24,164.76532619312002,175.70028371524674
2022-01-25,163.20614300563173,173.5616763331256
2022-01-26,162.852872783723,173.30191770652957
2022-01-27,162.18672586165962,172.36884479971613
2022-01-28,166.18338112173535,176.5656205674052
2022-01-31,168.78826091038107,179.90023035510947
2022-02-01,169.85258081378868,181.1348862760859
2022-02-02,171.06227634225525,182.84163254007385
2022-02-03,168.26428043335133,178.38192727361505
2022-02-04,168.41477641304567,179.30183036164576
2022-02-07,168.11612206289007,178.6381065107635
2022-02-08,169.463455209266,180.13888225588687
2022-02-09,171.77862223201075,182.75399585821845
2022-02-10,168.75590189717616,179.44327460443614
2022-02-11,165.99720077428995,176.0393335993883
2022-02-14,165.08815784626637,175.36323751106767
2022-02-15,167.53710508897382,178.12814078049948
2022-02-16,167.6849494698435,178.28510867969842
2022-02-17,164.48231536354191,174.51025344314408
2022-02-18,163.45124979844633,173.2596848016887
2022-02-22,161.82550534262577,171.50232130214297
2022-02-23,159.0550128147114,168.34459949404163
2022-02-24,160.82909674949877,170.86250543838622
2022-02-25,164.56963512659243,174.685157195988
2022-02-28,163.9251321144797,174.25847062999102
2022-03-01,161.42839062555342,171.5620815433549
2022-03-02,164.63706548065576,174.76046054681206
2022-03-03,163.9498537605223,173.84215262146995
2022-03-04,162.62056368865822,172.46288158552946
2022-03-07,158.1654761158862,167.37209494369415
2022-03-08,156.83990604114837,166.16136646304673
2022-03-09,160.66225361531298,170.43142244839382
2022-03-10,159.76271333938098,169.6999625428566
2022-03-11,157.9179058918239,167.50038882090536
2022-03-14,156.97344256881235,166.25736802241553
2022-03-15,159.98525917985293,169.8167012171772
2022-03-16,163.29572466594453,173.61783773168645
2022-03-17,165.28426178067906,175.76163911914728
2022-03-18,166.8832684976768,177.8114231739983
2022-03-21,166.78236095461742,177.73413559641529
2022-03-22,168.4279835650019,179.74326245591052
2022-03-23,166.4113382586903,177.53732753640838
2022-03-24,168.55211761303877,180.08390750274071
2022-03-25,169.40358994608854,180.99624329460232
2022-03-28,170.3820627260697,182.2894533581725
2022-03-29,172.60160571629436,184.52369268879553
2022-03-30,171.65305620637855,183.36235589188416
2022-03-31,169.0476344526438,180.49226915102233
2022-04-01,169.69207164775355,181.1077879635832
2022-04-04,170.56030307302132,182.57311997189402
2022-04-05,168.65055810683901,180.28151314409192
2022-04-06,167.47967036534322,178.5297327139563
2022-04-07,168.30358617730255,179.28908851334046
2022-04-08,168.29497034930972,178.81378839174823
2022-04-11,165.78840708644643,175.79589621054512
2022-04-12,165.31938726954178,175.19512292625203
2022-04-13,166.9887363462007,177.15285442204873
2022-04-14,165.30598355226198,175.0014857384188
2022-04-18,164.9447215272371,174.96563348433233
2022-04-19,167.48048061530395,177.77516240263793
2022-04-20,168.24525632718618,177.66521289634565
2022-04-21,165.97169520558555,175.04412716053358
2022-04-22,161.33313330595996,170.18839357682455
2022-04-25,162.1224270085359,171.1581163190687
2022-04-26,157.97322345369503,166.34064718668256
2022-04-27,158.81093949523327,166.68963765782263
2022-04-28,162.2422815415764,170.81468946413526
2022-04-29,156.87037248554566,164.61676265039392
2022-05-02,157.37052648792783,165.55100274941853
2022-05-03,158.03038144053687,166.35179387229925
2022-05-04,162.7146175709574,171.31946118905955
2022-05-05,157.34507070195798,165.21197231848046
2022-05-06,156.49784855633777,164.27452244087516
2022-05-09,151.646720127667,159.01164303410448
2022-05-10,151.84016910772255,159.40247734601502
2022-05-11,149.60945302532775,156.77820128482574
2022-05-12,149.39521933931277,156.57502230066618
2022-05-13,152.67798822162496,160.31242039384372
2022-05-16,152.2522956146111,159.67976330898213
2022-05-17,155.15496854005576,162.9004454102744
2022-05-18,149.16014578891006,156.32003943553417
2022-05-19,148.3115869703696,155.4081024343447
2022-05-20,148.54709086311013,155.43081404945374
2022-05-23,151.48452707516603,158.31483901063731
2022-05-24,150.8134206074822,157.02919624323624
2022-05-25,152.11629998266318,158.51324223333282
2022-05-26,154.88004467584489,161.66500163455544
2022-05-27,158.4404527145332,165.66495961563584
2022-05-31,157.07501014030433,164.6255165919777
2022-06-01,155.89531253854528,163.3936619323081
2022-06-02,158.4523351457937,166.4051734627568
2022-06-03,156.22780318150092,163.68489584219873
2022-06-06,156.50209524331612,164.19844096191034
2022-06-07,158.0317755875426,165.76216727362282
2022-06-08,156.18494556938077,163.97293942671214
2022-06-09,152.4525931740412,160.07059762089267
2022-06-10,148.00477915915312,155.41089396904977
2022-06-13,142.31495091764927,149.3858575015881
2022-06-14,141.67511282373718,148.82212311679615
2022-06-15,143.59269564370197,150.99381067150222
2022-06-16,139.04313350539772,146.08470722393741
2022-06-17,139.36162784622502,146.40622004510615
2022-06-21,142.53278342227895,149.98984056446193
2022-06-22,142.34785256367454,149.79461794054185
2022-06-23,143.81205801491933,151.22249280547584
2022-06-24,148.14302827297712,155.84435024987152
2022-06-27,147.71919123362542,155.38101384844379
2022-06-28,144.880160166972,152.2511684809859
2022-06-29,144.88449651210564,152.14280441078046
2022-06-30,143.6945692100605,150.81014325047275
2022-07-01,145.44445206393272,152.40176545603222
2022-07-05,145.50183364283913,152.6431894383111
2022-07-06,145.93503638876712,153.18860863198944
2022-07-07,147.89914201116335,155.48101304113584
2022-07-08,147.69271087698354,155.35192158258036
2022-07-11,146.25969012848438,153.56110829958283
2022-07-12,144.9682759933821,152.14160803876402
2022-07-13,144.3818539337744,151.46352772368436
2022-07-14,143.87870589235965,151.00934405451255
2022-07-15,146.6864688810736,153.9089121253082
2022-07-18,145.4866469420703,152.6216839218203
2022-07-19,149.59909120001578,156.83836031670984
2022-07-20,150.41183256645445,157.76304889280632
2022-07-21,151.69208522083375,159.31880911767757
2022-07-22,149.93544159182596,157.83197159287596
2022-07-25,150.1502522697311,158.0395470010309
2022-07-26,148.31085989187739,156.21526448137809
2022-07-27,152.36648377666964,160.30127370822703
2022-07-28,154.19022244027505,162.24626335571847
2022-07-29,156.40788220570278,164.55141933977188
2022-08-01,155.88229028202053,164.08687683972593
2022-08-02,154.90994009463273,162.9936651615399
2022-08-03,157.45437530644276,165.54263787190513
2022-08-04,157.36370943706382,165.41395493062356
2022-08-05,157.2229739380123,165.14503384516982
2022-08-08,157.09881585448446,164.94065848899382
2022-08-09,156.5281104203283,164.2398762854069
2022-08-10,159.88324986428844,167.73664797764982
2022-08-11,159.73343405363292,167.61831414064062
2022-08-12,162.48160945126148,170.52186039155603
2022-08-15,163.0674752696325,171.198754061221
2022-08-16,163.3709981136385,171.51986809171757
2022-08-17,162.12116999727075,170.27844245591638
2022-08-18,162.42108406381516,170.664899797035
2022-08-19,160.25607232912438,168.46332239512122
2022-08-22,156.87526649893942,164.85819635927461
2022-08-23,156.45621252138955,164.48926635452705
2022-08-24,156.91417467937302,164.9689434469112
2022-08-25,159.23500364372296,167.29362072069645
2022-08-26,153.8043454678559,161.65782340245673
2022-08-29,152.78150328961706,160.58015483388277
2022-08-30,151.17653702963165,158.80925190468747
2022-08-31,150.02764343415672,157.56783599548802
2022-09-01,150.65058269921522,158.03994579170308
2022-09-02,148.99160257447005,156.34314984131535
2022-09-06,148.37328830190347,155.70291573368291
2022-09-07,151.1320546510328,158.55866546355088
2022-09-08,152.02542288324773,159.606852702191
2022-09-09,154.44528404640204,162.04428074357537
2022-09-12,156.05846718788138,163.75940161167847
2022-09-13,149.27209970338095,156.678999673478
2022-09-14,149.84228618595873,157.2096733388885
2022-09-15,148.10800417775877,155.43041525878158
2022-09-16,146.93605675141643,154.31409317481436
2022-09-19,147.9735891858947,155.37224045365647
2022-09-20,146.2732016889826,153.6208685407948
2022-09-21,143.68036213522538,150.9914179274693
2022-09-22,142.54416822721447,149.71892552564745
2022-09-23,140.07106161940953,147.13887632265977
2022-09-26,138.72247118228867,145.61738291578814
2022-09-27,138.3900175118792,145.30862166952645
2022-09-28,141.15022707537506,148.1671532074977
2022-09-29,138.11276284019732,145.03690904936767
2022-09-30,136.00115269820645,142.85168206501203
2022-10-03,139.46162867896015,146.5492399973816
2022-10-04,143.7518114811923,151.03125808827727
2022-10-05,143.4322427546306,150.72648474873708
2022-10-06,142.04484944552175,149.1822797267564
2022-10-07,138.0981626326561,145.00463618472878
2022-10-10,137.11710735374194,143.91819422136754
2022-10-11,136.18697585255143,142.97996621562146
2022-10-12,135.81427724545426,142.509451582095
2022-10-13,139.20381775240153,146.2098010491696
2022-10-14,135.92382236066643,142.75008770963137
2022-10-17,139.6275195555273,146.5301174983219
2022-10-18,141.25104977083706,148.20460062427276
2022-10-19,140.18875435797472,147.21576510957067
2022-10-20,139.11534494883676,146.0452658538016
2022-10-21,142.34327759446975,149.5101634720778
2022-10-24,143.98851913334636,151.28663974408144
2022-10-25,146.39937796887932,153.74756725531736
2022-10-26,144.75002682476398,152.6117238816183
2022-10-27,143.61273088223103,151.68344618947245
2022-10-28,147.21784691268738,155.418860055891
2022-10-31,146.03362400368053,154.26030506708292
2022-11-01,145.22584410068677,153.62764798222133
2022-11-02,141.4772886113216,149.78665185370062
2022-11-03,139.75721304960274,148.20101150822342
2022-11-04,141.71363748121956,150.21932027977985
2022-11-07,143.08500753781735,151.66352610906847
2022-11-08,143.79299808472913,152.51252227027055
2022-11-09,140.82518578104447,149.34363432334902
2022-11-10,148.70758965149454,157.6224216845638
2022-11-11,150.16082287364483,159.0789705714855
2022-11-14,148.7419840815778,157.65747635730594
2022-11-15,150.1143142759934,159.03116432383632
2022-11-16,148.995409619253,157.71883176120647
2022-11-17,148.52115501028325,157.23158737265325
2022-11-18,149.17388267398303,157.97978675981898
2022-11-21,148.40792459894598,157.36624244741532
2022-11-22,150.33485450678188,159.50327412005137
2022-11-23,151.28843944563044,160.4466864045354
2022-11-25,151.22532326459876,160.40127290091908
2022-11-28,148.93301809850792,157.92400469872678
2022-11-29,148.6573120374859,157.6726109496441
2022-11-30,153.3851049785803,162.55224279387687
2022-12-01,153.1763681778607,162.4112070683604
2022-12-02,153.0132053852488,162.2171808164568
2022-12-05,150.25573984348597,159.31443214688568
2022-12-06,148.0138853555481,157.0204325750507
2022-12-07,147.56001038811596,156.72800229314362
2022-12-08,148.49752324183876,157.90687615302784
2022-12-09,147.36042873785087,156.74632721085902
2022-12-12,149.36173117435533,158.98455444820357
2022-12-13,150.44833710191648,160.14349850108204
2022-12-14,149.56765702115248,159.17419400271353
2022-12-15,145.76217638601065,155.2073064676163
2022-12-16,144.1996214103509,153.47864616986362
2022-12-19,142.8181018551914,152.09618480854596
2022-12-20,143.00797006162782,152.25396001569095
2022-12-21,145.0461972277993,154.51767094964606
2022-12-22,142.98913860687117,152.28462799103946
2022-12-23,143.9018083774852,153.1782498011153
2022-12-27,143.2848908639094,152.55793577388687
2022-12-28,141.5568594166737,150.72409200470418
2022-12-29,144.05774018529507,153.35593536206252
2022-12-30,143.69486077461423,152.96629742216845
2023-01-03,143.25098832790337,152.3543482724534
2023-01-04,144.18677873632356,153.5029432210595
2023-01-05,142.4721107880147,151.71532026343917
2023-01-06,145.63526620172158,155.18061667238754
2023-01-09,145.5480650975176,155.06149498063579
2023-01-10,146.5371067267905,156.1435502466034
2023-01-11,148.60354321464564,158.1499050245971
2023-01-12,149.05016465934224,158.69013021293574
2023-01-13,149.68093292823716,159.32439218708768
2023-01-17,149.308019765546,159.0008854125582
2023-01-18,147.03958812344786,156.52641847167268
2023-01-19,146.13118921827373,155.3308148567617
2023-01-20,149.0283742727336,158.269425507021
2023-01-23,150.70590839597233,160.14987915183644
2023-01-24,150.4507543252677,160.03593201222088
2023-01-25,150.27437449119554,160.00684947295923
2023-01-26,152.0330234786521,161.76818142602292
2023-01-27,152.5890047377639,162.17176731284047
2023-01-30,150.59752716014503,160.0686036675319
2023-01-31,152.8497257902746,162.41240344037686
2023-02-01,154.38160118196575,164.1099872455071
2023-02-02,157.07908589642236,166.52230120114777
2023-02-03,155.3791581319377,164.79802760078874
2023-02-06,154.33633013002193,163.78609140690722
2023-02-07,156.40380071045868,165.89442960435198
2023-02-08,154.27382657165703,164.05619913777565
2023-02-09,152.64784849563804,162.60761633769516
2023-02-10,153.00524055514225,162.96458262227821
2023-02-13,154.6709212932656,164.83030046542763
2023-02-14,154.60856320447917,164.78407965386526
2023-02-15,155.30224425623982,165.2410548577421
2023-02-16,153.20767832648696,162.96258866891748
2023-02-17,152.76455688807957,162.51160505172462
2023-02-21,149.6947079525467,159.25467190567375
2023-02-22,149.50148056461626,159.00407573793538
2023-02-23,149.9568541951114,159.8514767364489
2023-02-24,148.34284153364896,158.16703357029604
2023-02-27,148.79391231060825,158.65308158683283
2023-02-28,148.38390837800168,158.17141054108794
2023-03-01,147.74618400348328,157.4240087352665
2023-03-02,148.84742449054457,158.6176281234185
2023-03-03,151.2573321171099,161.17894389141688
2023-03-06,151.50964394242285,161.28970070565524
2023-03-07,149.21513755272372,158.81762650880262
2023-03-08,149.3450057804259,159.04232073605476
2023-03-09,146.57730347112087,156.1065016205005
2023-03-10,144.39121881995663,153.84637007599298
2023-03-13,144.29838371516485,153.61409882597
2023-03-14,146.78963548312285,156.14514540929198
2023-03-15,145.9312862854998,155.0551143298814
2023-03-16,148.57096661639423,157.77819321174627
2023-03-17,147.05728855705163,156.03956314718985
2023-03-20,148.26061246108472,157.43118696736522
2023-03-21,150.43897866539302,159.474989162134
2023-03-22,147.91204030878828,156.84951672892828
2023-03-23,148.3340253955447,157.31763861842182
2023-03-24,149.11283396648665,158.20487977774326
2023-03-27,149.19690340899606,158.4654359856836
2023-03-28,148.86318436395493,158.2160361899617
2023-03-29,150.9299595323659,160.46860043830011
2023-03-30,151.68004221193985,161.38572171822756
2023-03-31,153.98864162382583,163.715573544149
2023-04-03,154.49774110405104,164.3211323165079
2023-04-04,153.69516194874595,163.36856729976793
2023-04-05,153.33130937620106,162.961392296901
2023-04-06,154.10845627642829,163.54465769802655
2023-04-10,154.05600905854254,163.707597730706
2023-04-11,154.0431660239178,163.7008280158812
2023-04-12,153.44469613406955,163.023944072818
2023-04-13,155.64661936515375,165.186080104596
2023-04-14,155.45632927738305,164.8442484123511
2023-04-17,155.75812233054054,165.38924936215378
2023-04-18,155.7688374770559,165.53069360494416
2023-04-19,155.7234546950122,165.51674565802065
2023-04-20,154.878470175735,164.5314992593679
2023-04-21,155.00409428738902,164.68010228105348
2023-04-24,155.13366483732938,164.82034042522562
2023-04-25,152.7147340816688,162.21438928175175
2023-04-26,152.12279348334744,161.59129344642
2023-04-27,155.33456811341858,164.7530128878446
2023-04-28,156.47574179455094,166.1127529074515
2023-05-01,156.29465513023447,166.04861569544764
2023-05-02,154.59550452888647,164.1247327737749
2023-05-03,153.5901559920651,162.97613782516882
2023-05-04,152.52409394970192,161.7996567093175
2023-05-05,155.26223269609093,164.78886514193107
2023-05-08,155.4562899980578,164.86337091141078
2023-05-09,154.8322280889457,164.1083920828185
2023-05-10,155.70576654102237,164.8442484123511
2023-05-11,155.76275138023405,164.5645697053511
2023-05-12,155.55491217972533,164.30401349741072
2023-05-15,155.89550523545267,164.79005178734576
2023-05-16,155.07926434826592,163.73907301400058
2023-05-17,156.87826513194594,165.6860663414545
2023-05-18,158.21851194290647,167.25097929858168
2023-05-19,158.00748662832103,167.00915652563063
2023-05-22,158.21409757827652,167.03504873951508
2023-05-23,156.33133733826864,165.1605769547819
2023-05-24,155.14372397778232,163.95183270089348
2023-05-25,155.8466214809193,165.38765419946517
2023-05-26,157.6978805079164,167.54581205112342
2023-05-30,157.5398830516221,167.54859385922668
2023-05-31,156.8160523760247,166.52510246245458
2023-06-01,158.28127111711214,168.1661163517501
2023-06-02,160.63345414243304,170.61031410795925
2023-06-05,160.412525776685,170.26848241571437
2023-06-06,160.96425874658786,170.6692767678269
2023-06-07,160.09694645084923,170.0186838293203
2023-06-08,160.99116838324795,171.0708687012837
2023-06-09,161.173853437887,171.26726824401672
2023-06-12,162.64906285244493,172.86367593764197
2023-06-13,163.63283930826594,174.0620516340545
2023-06-14,163.56244690605962,174.20468252225956
2023-06-15,165.7272904437252,176.32617108528353
2023-06-16,165.07836345901728,175.67876847215416
2023-06-20,164.20144970559605,174.84691058325276
2023-06-21,163.2984761409008,173.92978930332535
2023-06-22,164.0892578004077,174.57520768969573
2023-06-23,162.9053976482733,173.23816955859613
2023-06-26,162.04863562676394,172.46087790556695
2023-06-27,163.79373895756873,174.43656470821216
2023-06-28,163.92442017118378,174.3748007870377
2023-06-29,164.58145256945284,175.15487424817016
2023-06-30,166.45323525060874,177.30385018776718
2023-07-03,166.6759869424005,177.5114158693204
2023-07-05,166.50211420439862,177.1620168809064
2023-07-06,165.11787928754634,175.75844879377007
2023-07-07,164.593264647936,175.25488316746396
2023-07-10,164.73655435674505,175.67637572812126
2023-07-11,165.92215798550677,176.8608229308138
2023-07-12,167.10894574198682,178.17157978395855
2023-07-13,168.73783684684253,179.6807204065953
2023-07-14,168.72418444821034,179.49665419489367
2023-07-17,169.17178604849207,180.1886824568968
2023-07-18,170.20835084284107,181.47113489892067
2023-07-19,170.58446130571252,181.89902756353587
2023-07-20,169.3867728432853,180.66995471196955
2023-07-21,169.5611036846709,180.72850885456327
2023-07-24,170.27091969176163,181.4575954692711
2023-07-25,170.64125957092685,181.9683393276759
2023-07-26,171.10772033700485,181.9400543697585
2023-07-27,170.01021793645137,180.77115027667804
2023-07-28,171.86644033083095,182.55677928093763
2023-07-31,172.13468217728635,182.82490278504707
2023-08-01,171.55302309533633,182.33765839649382
2023-08-02,169.26931337069516,179.81418883594267
2023-08-03,168.87005327624416,179.3560269866511
2023-08-04,167.97737252696186,178.40542674346662
2023-08-07,169.60815364013578,180.01537386674147
2023-08-08,168.97443881104047,179.2560180673573
2023-08-09,167.8759204000452,177.9942832870817
2023-08-10,167.96989094242224,178.03890893595548
2023-08-11,167.94435810718144,177.84846207349946
2023-08-14,168.68769863344986,178.87117534213078
2023-08-15,166.67218605531482,176.80505059632335
2023-08-16,165.41783847447462,175.46921856384196
2023-08-17,164.22646035162575,174.11583974178595
2023-08-18,164.0888364527989,174.0899475279015
2023-08-21,164.82029780376195,175.28754509617323
2023-08-22,164.5691690832966,174.8006897716904
2023-08-23,166.40995613132154,176.73134240818794
2023-08-24,164.05441381378418,174.35289647987474
2023-08-25,165.28813458621454,175.5241933169881
2023-08-28,166.27313708232373,176.62378564592854
2023-08-29,168.71340400636376,179.18629778594337
2023-08-30,169.37898151155656,179.8731514958103
2023-08-31,169.12074532880885,179.5859054926412
2023-09-01,169.552535577848,179.90900374989678
2023-09-05,168.92250272973376,179.1544334385784
2023-09-06,167.81510589483906,177.9054405066081
2023-09-07,167.5031110549209,177.33413882564707
2023-09-08,167.93685412975242,177.5871277374183
2023-09-11,169.27334616146408,178.78112646303896
2023-09-12,168.17943786911925,177.76280961840305
2023-09-13,168.45879527049118,177.98352566553544
2023-09-14,169.91699265822777,179.4839123465884
2023-09-15,168.05073569638725,177.30145744373428
2023-09-18,168.19250115298055,177.42934280367155
2023-09-19,167.87434596069158,177.04769040382223
2023-09-20,166.2144444426418,175.38436369008986
2023-09-21,163.42061010952986,172.5078962984736
2023-09-22,162.93945913141224,172.1118874344269
2023-09-25,163.5700654313017,172.80430476050043
2023-09-26,161.07851914759468,170.2581138582385
2023-09-27,161.1833988038131,170.29715643770214
2023-09-28,162.15873188125317,171.3007472072738
2023-09-29,161.6231281294818,170.83659377129823
2023-10-02,161.7173009540677,170.85015265415132
2023-10-03,159.48538116452727,168.5019759105145
2023-10-04,160.93604334190036,169.86848564494616
2023-10-05,160.6640604900853,169.64697201646948
2023-10-06,162.5915354939998,171.65133284110243
2023-10-09,163.66859150320403,172.7333978336718
2023-10-10,164.4981634241504,173.63299177722814
2023-10-11,165.25077317403213,174.37839962968883
2023-10-12,164.02237669722788,173.28915640502075
2023-10-13,163.2163628180963,172.4194425820704
2023-10-16,164.96312352288928,174.24611784575615
2023-10-17,165.20502322473385,174.22899902665895
2023-10-18,163.0314781244223,171.8943617126717
2023-10-19,161.56034620119505,170.43620793645962
2023-10-20,159.5033152696893,168.29121990358408
2023-10-23,159.16781231133058,168.00755328986256
2023-10-24,160.3842337378499,169.22826126391547
2023-10-25,157.49210968319508,166.80159084407742
2023-10-26,155.58451324157093,164.82790772139472
2023-10-27,154.86094138811666,164.03668757464558
2023-10-30,156.7756060262161,166.00677185467717
2023-10-31,157.79260383753518,167.08165861514783
2023-11-01,159.44124409699154,168.83701843473105
2023-11-02,162.4056838083127,172.02104097399078
2023-11-03,163.88809716944385,173.63696023074613
2023-11-06,164.17084565819061,173.94134450621593
2023-11-07,164.7494070127233,174.43535860959395
2023-11-08,164.89564420724298,174.61065142650827
2023-11-09,163.42964518801733,173.19912697913244
2023-11-10,165.8564058342304,175.90388094328196
2023-11-13,165.71975319461023,175.75685363108147
2023-11-14,168.84887340562557,179.10941872563424
2023-11-15,169.17871226281952,179.39545863018517
2023-11-16,169.5050402075958,179.60901589842237
2023-11-17,169.64470427450067,179.83928346848285
2023-11-20,170.80134080374526,181.16834578613947
2023-11-21,170.55872669429175,180.80221704269871
2023-11-22,171.4827985621483,181.5364782095427
2023-11-24,171.55454295284494,181.6448325531464
2023-11-27,171.22805236184618,181.28986994852585
2023-11-28,171.50822712557112,181.46755550947307
2023-11-29,171.28495900236794,181.29584208200635
2023-11-30,171.91003143267534,181.98187875732546
2023-12-01,172.8746793101648,183.05079338431565
2023-12-04,171.92749247598556,182.0607614975971
2023-12-05,171.87928734068544,181.9571926420592
2023-12-06,171.2675673539302,181.24643094506678
2023-12-07,172.9305073884453,182.6906367743554
2023-12-08,173.442941461516,183.43884588812287
2023-12-11,173.87394864191015,184.15875059076947
2023-12-12,174.37975075688936,185.00576252521256
2023-12-13,176.65433384296935,187.53121631252273
2023-12-14,177.08427908647548,188.02762315993363
2023-12-15,177.02331620867287,188.01328614893976
2023-12-18,177.87626282853944,188.86467505417474
2023-12-19,179.01423036395508,189.9726322606286
2023-12-20,176.67939846158586,187.18302342272696
2023-12-21,178.4845120560215,189.1112833151916
2023-12-22,178.808254866754,189.4252191135895
2023-12-26,179.48226612958797,190.22680781781452
2023-12-27,179.66144128305544,190.49891922864546
2023-12-28,179.7408885407659,190.5694370914037
2023-12-29,179.18232976852659,190.03079733915192
2024-01-02,178.25683044702353,188.95511299733695
2024-01-03,176.9991517209728,187.44038930529013
2024-01-04,176.24565567756287,186.79777218022653
2024-01-05,176.4361605860034,187.1388062911271
2024-01-08,178.76092977162753,189.78020117141355
2024-01-09,178.50884066758505,189.49972488306923
2024-01-10,179.49656847563045,190.5734249981252
2024-01-11,179.22795781297117,190.4455396381879
2024-01-12,179.3824761376796,190.58855959046338
2024-01-16,178.50371922373833,189.87740882940057
2024-01-17,177.49702857302907,188.81088694644328
2024-01-18,178.9738369946661,190.47341607883138
2024-01-19,181.03044772642295,192.81881101436494
2024-01-22,181.35758811041785,193.24191819091433
2024-01-23,181.9104545693747,193.80645015705056
2024-01-24,181.89037783501203,193.9638071203199
2024-01-25,182.9690538933484,194.98412764491835
2024-01-26,182.99633551670632,194.85703986632538
2024-01-29,184.31222937154206,196.32953065353135
2024-01-30,184.067245178005,196.21160533379606
2024-01-31,180.61265796679834,193.0514713284583
2024-02-01,182.77530492804058,195.46339622002859
2024-02-02,184.59187454226006,197.55181433706935
2024-02-05,183.70447805137883,196.92234757758496
2024-02-06,184.38949257058164,197.37731910149932
2024-02-07,185.78964702316097,199.00399597980095
2024-02-08,185.98435020020415,199.11754432874434
2024-02-09,186.98470718582882,200.26094527201073
2024-02-12,186.75353799125932,200.07090692682863
2024-02-13,184.0927393018369,197.33508619665847
2024-02-14,185.73794604176874,199.22550960827766
2024-02-15,186.76412853225182,200.38525124250043
2024-02-16,185.807133338684,199.42270673235495
2024-02-20,184.96545580108813,198.2251091640832
2024-02-21,185.51322267479313,198.47570533182156
2024-02-22,188.37470199930615,202.66808467551522
2024-02-23,188.42943771873124,202.73860253827345
2024-02-26,187.27567426559526,201.9708818613759
2024-02-27,187.75651947553774,202.31551481492758
2024-02-28,187.43396325551325,201.9800443202336
2024-02-29,188.40843992449328,203.03621709891846
2024-03-01,189.38299135928,204.6620963958758
2024-03-04,188.63395273419525,204.41788087889185
2024-03-05,186.67440220271706,202.33422879671335
2024-03-06,187.358595490215,203.37444994851222
2024-03-07,188.93137022469986,205.47004629765172
2024-03-08,188.4257084566122,204.12863119576022
2024-03-11,188.50101906088688,203.89955027111444
2024-03-12,190.13133378693155,206.18358980274743
2024-03-13,190.00946032179422,205.78678335735643
2024-03-14,189.882810040778,205.19595066006178
2024-03-15,188.5834484436415,203.86568224378695
2024-03-18,190.09610172615382,205.15371775522092
2024-03-19,191.05513261631174,206.3126618080994
2024-03-20,192.78218551375173,208.14970562926104
2024-03-21,193.0813817793315,208.82338952034527
2024-03-22,192.64281168648216,208.53057990096957
2024-03-25,191.9807243671945,207.8935263921126
2024-03-26,191.7510735338418,207.31146708960526
2024-03-27,193.64836023326964,209.10069493651594
2024-03-28,193.82484207171348,209.3341528319536
2024-04-01,193.6246017304939,208.9126408180928
2024-04-02,192.28475712148872,207.40030987007887
2024-04-03,192.58616475543192,207.62660898662136
2024-04-04,190.36211635140862,205.0656725560916
2024-04-05,192.36681840945224,207.3417362742816
2024-04-08,192.53655063066358,207.2640596326282
2024-04-09,193.0326532789302,207.5636584200322
2024-04-10,191.07626876738271,205.6007329188958
2024-04-11,192.26765861486228,207.13138878462513
2024-04-12,189.6510314568207,204.11748451014353
2024-04-15,187.42186009987213,201.6637157778028
2024-04-16,186.79765512288867,201.2489929319703
2024-04-17,186.17486579452623,200.0856524550964
2024-04-18,185.74186949545864,199.64383129676125
2024-04-19,184.99151150621083,197.89524119200283
2024-04-22,186.4287579971447,199.62311363501297
2024-04-23,188.47415904729147,202.01151960352814
2024-04-24,188.85038374817222,202.0545500897133
2024-04-25,187.3879938361372,201.12986151361682
2024-04-26,189.65665803656364,203.18322495791543
2024-04-29,189.9204253477593,203.8290324083562
2024-04-30,186.9301187374694,200.6226970446596
2024-05-01,186.86483756551826,199.93347004396327
2024-05-02,188.54272083967496,201.7585501449604
2024-05-03,190.5286504986595,204.29197974571355
2024-05-06,192.21241935225447,206.40152404177653
2024-05-07,192.75301544271835,206.67881000474367
2024-05-08,192.5890943045926,206.67760390612546
2024-05-09,193.8162978349136,207.72978877808885
2024-05-10,193.87060569875112,208.07241805167803
2024-05-13,193.75366818479753,208.02220933339416
2024-05-14,194.64222052306658,209.0285819110691
2024-05-15,196.671586566798,211.47754570214053
2024-05-16,196.44254944968986,211.03731970649395
2024-05-17,197.0270679681137,211.2831303861665
2024-05-20,196.96369998114292,211.47674812079623
2024-05-21,197.5109853638057,212.00583635011992
2024-05-22,196.94866866882032,211.43212247192247
2024-05-23,194.45539913758515,209.87158648558716
2024-05-24,195.65558273992593,211.34090640061947
2024-05-28,195.08159470930286,211.3934884097327
2024-05-29,193.60652373312968,209.83614274877462
2024-05-30,192.71231194436345,208.58236432873852
2024-05-31,194.31687755765668,210.2568377280876
2024-06-03,194.1011811113746,210.49150172214348
2024-06-04,194.32554113777488,210.80783026457428
2024-06-05,196.0577376470304,213.30540761124095
2024-06-06,196.25653273143215,213.2627856423297
2024-06-07,195.89013843584,213.02495077610016
2024-06-10,196.36529177421582,213.5747372139686
2024-06-11,196.92636972814606,214.15360619109873
2024-06-12,198.58613414251977,215.97469838537438
2024-06-13,198.50210788508718,216.4810847261908
2024-06-14,198.36270824772737,216.39582133516478
2024-06-17,199.73144369887643,218.05436256083138
2024-06-18,200.0981172618732,218.60414899869986
2024-06-20,199.830419000888,218.05196981679848
2024-06-21,199.78560853020707,217.7113442231718
2024-06-24,199.3596081930435,217.04402152963846
2024-06-25,200.40515824957347,217.89778372570282
2024-06-26,200.70479129381886,218.240412999292
2024-06-27,200.98297248497556,218.43842715791712
2024-06-28,199.9099344511086,217.54640051052988
2024-07-01,200.50587400376835,218.1284598130372
2024-07-02,201.81286988144151,219.4798349551307
2024-07-03,202.71676569524965,220.59576797502754
2024-07-05,204.12726891558623,221.79774251409117
2024-07-08,204.14788726525467,222.02324404928936
2024-07-09,204.34787474035622,222.1877792446574
2024-07-10,206.45292494674362,224.4558866026079
2024-07-11,204.49706478470074,222.48897319475
2024-07-12,205.56356305712376,223.71645088362772
2024-07-15,206.23149566523983,224.34871890441892
2024-07-16,207.40696793227448,225.78216711216123
2024-07-17,204.48576105637582,222.63757621643558
2024-07-18,202.77302359337858,220.89735098919053
2024-07-19,201.46719941511813,219.32008524782847
2024-07-22,203.72260783455158,221.6869954264546
2024-07-23,203.48966232372044,221.3415843447621
2024-07-24,198.3769657255392,216.21772725694365
2024-07-25,197.0576741726227,215.10580159697184
2024-07-26,199.13544398121886,217.49142575738372
2024-07-29,199.45025914900987,217.66831373698665
2024-07-30,198.5528993427596,216.5886414884502
2024-07-31,201.57342594688737,220.0093122485248
2024-08-01,198.95789219853896,216.9966140726614
2024-08-02,195.1664892927763,213.00781250379944
2024-08-05,189.1463121923769,206.6242243156679
2024-08-06,191.02395586223895,208.76362927913334
2024-08-07,189.6335380488464,207.1489161209962
2024-08-08,193.992104230262,211.9221681217825
2024-08-09,195.00074518133616,212.91220000850106
2024-08-12,194.8983310142194,212.92136246735873
2024-08-13,198.1531208253095,216.50857210276388
2024-08-14,198.66495266888148,217.33644208494377
2024-08-15,201.87952103100648,220.8427847533183
2024-08-16,202.34803217784153,221.28221316762057
2024-08-19,204.37150106741225,223.4335818512505
2024-08-20,204.0016148357618,222.99016553022673
2024-08-21,204.79416581692612,223.93557176807153
2024-08-22,202.97380661523766,221.93519885016005
2024-08-23,205.35658601531875,224.48376304325137
2024-08-26,204.78357143826193,223.77580260756577
2024-08-27,204.98915146395333,224.13276889214882
2024-08-28,203.73898020298634,222.79335747021983
2024-08-29,203.6903264889161,222.78458407543252
2024-08-30,205.78387479780486,225.03316041704946
2024-09-03,201.36904155920615,220.27346729911625
2024-09-04,201.00772650958953,219.92046946805118
2024-09-05,200.48799816066548,219.25674561716892
2024-09-06,196.82581645747806,215.47231940448296
2024-09-09,198.86714517197314,217.96750400711676
2024-09-10,199.83963440768605,218.94240130149714
2024-09-11,201.98317420917834,221.27742767955476
2024-09-12,203.69860825009286,222.93596890522136
2024-09-13,204.90614507853647,224.1415422869361
2024-09-16,205.28178387626812,224.42320522069514
2024-09-17,205.39381660231427,224.48257639783668
2024-09-18,204.9042035386875,223.8323725234005
2024-09-19,208.3606756324444,227.63234184569856
2024-09-20,208.1019368421544,227.19050123415985
2024-09-23,208.60145478647812,227.82874138843155
2024-09-24,209.0951453716317,228.4008601039404
2024-09-25,208.71381121388865,227.9757492474285
2024-09-26,209.5450556580222,228.89646937000703
2024-09-27,209.4011781047763,228.6096124309083
2024-09-30,210.33299831394254,229.57812907453427
2024-10-01,208.59583415484275,227.43751801245062
2024-10-02,208.50956063353476,227.4689932957452
2024-10-03,208.159934810608,227.08652386134807
2024-10-04,210.0765170547138,229.1235466146903
2024-10-07,207.9107587048885,226.92716321811622
2024-10-08,209.88951833961315,229.1259393587232
2024-10-09,211.1538231641863,230.75580656240203
2024-10-10,210.72678432588123,230.2781136967769
2024-10-11,212.06753135789435,231.67172174371123
2024-10-14,213.71615232400453,233.45737020117434
2024-10-15,212.31034413857114,231.68088420256893
2024-10-16,213.26131289624652,232.76495287510082
2024-10-17,213.16011738302012,232.72511271429283
2024-10-18,213.89791672877752,233.64939277311544
2024-10-21,213.51534209994963,233.22350378846275
2024-10-22,213.50737355702623,233.11275670082617
2024-10-23,211.5292889675954,230.97014195878003
2024-10-24,212.0667606602002,231.46575122484666
2024-10-25,212.0956728750266,231.39643946070663
2024-10-28,212.7523332306616,232.00997404650852
2024-10-29,213.225796877273,232.38446766746267
2024-10-30,212.85941458040156,231.6175445719094
2024-10-31,208.8931967753081,227.30605326306576
2024-11-01,209.68555125695966,228.23630545536886
2024-11-04,208.98689524673847,227.59448591164957
2024-11-05,211.55468355831962,230.3860789763102
2024-11-06,217.17802012729322,236.21390859309278
2024-11-07,219.03450695576709,237.96926841267597
2024-11-08,219.87521597800628,238.8632792868222
2024-11-11,220.35154489487172,239.0947529555009
2024-11-12,219.76206240108257,238.40313321077167
2024-11-13,219.6144073127134,238.4584970279882
2024-11-14,218.11598636906163,237.0158863613882
2024-11-15,215.2470870668359,233.8864495112042
2024-11-18,216.23697585057892,234.80277320978735
2024-11-19,217.28114949134695,235.73343391936433
2024-11-20,217.19423434525532,235.73860847150053
2024-11-21,217.81311607838316,236.99756144367282
2024-11-22,218.51564434985806,237.81945929237222
2024-11-25,219.32788568457067,238.53778828553374
2024-11-26,220.61246976217058,239.9027028572768
2024-11-27,219.78306728775112,238.9907755826891
2024-11-29,220.96650590438554,240.3309845859624
2024-12-02,221.5854339736047,240.91942453922414
2024-12-03,221.76586119370052,241.02818740010173
2024-12-04,223.23950770770674,242.48674969358774
2024-12-05,222.76619340222825,242.03335387915845
2024-12-06,223.56460184725512,242.63733694203228
2024-12-09,222.0850762103865,241.1465212371109
2024-12-10,221.9021529333307,240.4317910866005
2024-12-11,224.2477562007138,242.3951056518073
2024-12-12,222.90742911897422,241.08277308917746
2024-12-13,222.79020276319815,241.07639243842308
2024-12-16,224.06164983633175,241.9923270729358
2024-12-17,223.16279073263726,241.05726993936338
2024-12-18,216.38316527227727,233.94780491510477
2024-12-19,216.16637005419065,233.74541378568776
2024-12-20,218.53615754433494,236.2860216185396
2024-12-23,220.16841042648772,238.00790247486574
2024-12-24,222.61655572522884,240.6361664427765
2024-12-26,222.508997820871,240.5385502675156
2024-12-27,219.96762834240835,237.87921953358415
2024-12-30,217.630205059573,235.33343714859612
2024-12-31,216.59459475897003,234.3250803441622
2025-01-02,216.19284101644416,233.80396792828148
2025-01-03,218.9563082419358,236.74896895589697
2025-01-06,220.41532441179737,238.06009541990858
2025-01-07,217.92518452190467,235.41669685965962
2025-01-08,218.22430510777448,235.7840317017186
2025-01-10,214.92621467122902,232.1502121906807
2025-01-13,215.1419561325261,232.51595187005105
2025-01-14,215.31229263539223,232.7824802114719
2025-01-15,219.4692453031315,237.04537741792376
2025-01-16,218.95977241397148,236.54457414651745
2025-01-17,221.22586764098787,238.90790493569597
2025-01-21,223.21420242672949,241.00270370349116
2025-01-22,224.44770704275666,242.48196420552193
2025-01-23,225.5197812408062,243.77038878102627
2025-01-24,225.10720683852261,243.07439206550515
2025-01-27,221.45828924623038,239.53019346308167
2025-01-28,223.6482853670267,241.73815151574985
2025-01-29,222.74204017227217,240.60708390351485
2025-01-30,224.33582020782717,241.8763859799595
2025-01-31,223.43749324350836,240.65567800590657
2025-02-03,221.67086136367038,238.82462577142894
2025-02-04,223.46972985502762,240.55010547040618
2025-02-05,223.5062249026424,241.49033715611478
2025-02-06,224.35399896362068,242.37040008333753
2025-02-07,222.00244600120976,240.07641996470605
2025-02-10,223.4988312761157,241.68794279746598
2025-02-11,223.43108592335375,241.77001586311482
2025-02-12,222.7924022087112,241.11146656436875
2025-02-13,225.24060824036337,243.62536514878832
2025-02-14,225.2391140331572,243.60783781241724
2025-02-18,225.67418825539215,244.20345599777767
2025-02-19,226.19345932348813,244.7839201375964
2025-02-20,224.9410810999792,243.72298132404921
2025-02-21,220.8352343649222,239.56406149040913
2025-02-24,219.7464126549787,238.37364215423608
2025-02-25,218.53061663173804,237.25811765161316
2025-02-26,218.36791664739016,237.29039051625205
2025-02-27,214.84018424972498,233.52588438397007
2025-02-28,218.22946835983709,237.22823753100718
2025-03-03,214.4046410337083,233.05379404095854
2025-03-04,211.9256642870221,230.20242128188247
2025-03-05,214.35105144676808,232.77131407265168
2025-03-06,210.50754219616928,228.62356037783178
2025-03-07,211.6537325181313,229.88570367538128
2025-03-10,205.58143130670175,223.68497560033316
2025-03-11,204.02327410274154,221.99215783006517
2025-03-12,205.20536939864536,223.07700463073783
2025-03-13,202.17960811930084,219.97824548250412
2025-03-14,206.4638594265844,224.6562740520624
2025-03-17,207.7447075661642,226.09769807324773
2025-03-18,205.304721470608,223.68896350705467
2025-03-19,207.6606152178994,226.10446778807253
2025-03-20,207.22389234664448,225.6104536846945
2025-03-21,207.44859429967954,225.79650412315513
2025-03-24,211.3312276382767,229.78090926802167
2025-03-25,211.7552263333446,230.14266104067053
2025-03-26,209.1050001622726,227.5749743485195
2025-03-27,208.1585784897496,226.82238826396014
2025-03-28,203.7692378278191,222.34554472520065
2025-03-31,204.8468913297815,223.57701032079987
2025-04-01,205.81847776695966,224.42240763935084
2025-04-02,207.2498356124781,225.93236529653538
2025-04-03,197.06187234108958,214.99822538150895
2025-04-04,185.4462383859646,202.15216626497423
2025-04-07,185.16555119011562,201.68085405010348
2025-04-08,182.23986232251718,198.51435884721482
2025-04-09,199.7875252886814,217.4037696223248
2025-04-10,192.84549796735897,209.87995136310056
2025-04-11,196.3830819166234,213.6771194240918
2025-04-14,197.95196424670326,215.37472268242558
2025-04-15,197.43712471215417,215.0026023523008
2025-04-16,192.97281123132305,210.18474415584427
2025-04-17,193.2245250311434,210.46362528150001
2025-04-21,188.54589680189366,205.5035252609088
2025-04-22,193.3236565238733,210.6651993763692
2025-04-23,196.7057104266939,214.1751214341913
2025-04-24,200.7098397119317,218.51411957281155
2025-04-25,202.22258043148972,220.1252533415011
2025-04-28,202.29549137077015,220.26628906701754
2025-04-29,203.40205024205082,221.5443645382495
2025-04-30,203.55636964796005,221.8722482835709
2025-05-01,204.91617223593136,223.26984423722675
2025-05-02,208.01883520048116,226.5578441492983
2025-05-05,206.78741901187232,225.11204315732107
2025-05-06,205.18065738319234,223.38020226079294
2025-05-07,205.3791694420011,224.3510921952483
2025-05-08,206.8246236085828,225.65227807226145
2025-05-09,206.58043999863702,225.4917307836149
2025-05-12,213.50592171622745,232.8334670578965
2025-05-13,215.16007470074206,234.5210908228248
2025-05-14,215.71192031759,234.76133788629076
2025-05-15,216.31198166979192,235.73144969260534
2025-05-16,217.9250575244691,237.38281268617322
2025-05-19,218.1276075114082,237.59078688500034
2025-05-20,217.15104707073013,236.66888011700712
2025-05-21,213.96064639934,232.85019681292331
2025-05-22,214.0232429373609,232.7466085041819
2025-05-23,212.5447698689395,231.1852749365023
2025-05-27,217.01195884997895,235.91510738703306
2025-05-28,215.8526295755255,234.60077114444073
2025-05-29,216.64561160118572,235.54180041149363
2025-05-30,216.66168494226946,235.52267791243392
2025-06-02,217.39767919266168,236.488801812027
2025-06-03,218.4646311436459,237.86050555179838
2025-06-04,218.56868972679072,237.87803288816946
2025-06-05,217.40343749589667,236.62265930544476
2025-06-06,219.88535235895753,239.05530185876333
2025-06-09,220.21349094941579,239.2752203245514
2025-06-10,221.53672912429982,240.58716382311084
2025-06-11,220.817231778395,239.9270193616762
2025-06-12,221.56335526977605,240.8441211884001
2025-06-13,219.13045279080237,238.12345450377163
2025-06-16,221.21581594815441,240.36006712522408
2025-06-17,219.35544502518843,238.3525354284174
2025-06-18,219.19285502182754,238.27882724028197
2025-06-20,218.31674745287555,237.75969905116028
2025-06-23,220.27193273181638,240.04373858279328
2025-06-24,222.77311452799142,242.7134378742006
2025-06-25,222.86149981956083,242.71264029285632
2025-06-26,224.7101503266112,244.65922510303633
2025-06-27,226.06583795918596,245.9360944756501
2025-06-30,227.1754891431947,247.20621358664258
2025-07-01,226.99386520815113,246.92970575181621
2025-07-02,228.26893984614563,248.1014111062035
2025-07-03,230.1483398597022,250.17031766011422
2025-07-07,228.277516943005,248.2034042522563
2025-07-08,227.93378464039796,248.02571869130907
2025-07-09,229.401570215534,249.5292762445357
2025-07-10,230.12900447968585,250.21453479171407
2025-07-11,229.50331077908177,249.38944661763747
2025-07-14,229.9458979738048,249.74044076874003
2025-07-15,229.03818482075718,248.75239310878047
2025-07-16,229.86765333510454,249.5468230341103
2025-07-17,231.0943115658692,250.88782961872792
2025-07-18,231.3110035068237,250.86512773022065
2025-07-21,231.82882988217654,251.2161218813232
2025-07-22,232.0556393104422,251.37628010589935
2025-07-23,233.82639407388962,253.34000318838005
2025-07-24,234.07015053664796,253.51689116798298
2025-07-25,235.10581045698564,254.5244503910726
2025-07-28,235.14660620361312,254.56946510401676
2025-07-29,234.60985524205293,253.8160814381131
2025-07-30,234.35870049051323,253.498955314338
2025-07-31,233.52083826734105,252.5623224712805
2025-08-01,229.6902203665526,248.52331218413468
2025-08-04,233.26179415292674,252.18582517036387
2025-08-05,232.19506957127246,250.96074022551903
2025-08-06,233.9491250971447,252.7882130705491
2025-08-07,233.8297110204704,252.58661952247638
2025-08-08,235.80376611217244,254.5567232557115
2025-08-11,235.26527846428337,253.9192806827841
2025-08-12,237.9675663613746,256.8001055919887
2025-08-13,238.51045226031823,257.6295901900607
2025-08-14,238.54359263806364,257.70767534898806
2025-08-15,237.95673060878863,256.96106139790913
2025-08-18,237.87806163829842,256.9351691840247
2025-08-19,236.34280669056773,255.43001646810944
2025-08-20,235.656942907497,254.80889513293494
2025-08-21,234.75410390117233,253.78859406154
2025-08-22,238.5488412051021,257.64274055563993
2025-08-25,237.69750904532532,256.54353729076985
2025-08-26,238.61287911356715,257.6040870402466
2025-08-27,239.1027531880569,258.22001437008146
2025-08-28,240.0712562553572,259.035142503956
2025-08-29,238.65430921565843,257.37778792370415
2025-09-02,237.00620935267787,255.59614682616606
2025-09-03,239.11213345767507,256.8997059940086
2025-09-04,241.14559623498457,259.04391589874336
2025-09-05,240.5660660744708,258.22400227680293
2025-09-08,241.1406464307526,258.7678165811909
2025-09-09,242.07915653254375,259.4634242326416
2025-09-10,243.09979210053535,260.2375255602936
2025-09-11,245.14242482318846,262.4458726770322
2025-09-12,245.04357125130474,262.3191739625096
2025-09-15,246.7268514426982,263.5538104302825
2025-09-16,246.51266141350501,263.21437148207053
2025-09-17,246.1904229905975,262.95900927946985
2025-09-18,247.47207928762296,264.21835131571254
2025-09-19,248.7981821066644,265.5091686352498
2025-09-22,249.7485839370317,266.6800764082928
2025-09-23,248.3489537825293,265.212760173223
2025-09-24,247.4139846689153,264.45780079783424
2025-09-25,246.04642093750218,263.1331154509695
2025-09-26,247.43856501305922,264.6860841411357
2025-09-29,248.0073518738629,265.38367601934544
2025-09-30,248.8755451895868,266.4693204013624
2025-10-01,249.86238901805945,267.37529499567313
2025-10-02,249.99898811199563,267.54062777238545
2025-10-03,249.9581175663938,267.5581551087565
2025-10-06,251.07623076027411,268.5338305312777
2025-10-07,249.86206478256244,267.51033913450556
2025-10-08,251.14457168515975,269.0692994113558
2025-10-09,250.2988839078919,268.3278600124131
2025-10-10,243.58110904909717,261.0530427582386
2025-10-13,247.61328990401924,265.1251234913676
2025-10-14,247.41164823395795,264.71038119233157
2025-10-15,248.75311251981822,265.77610549394456
2025-10-16,247.2973653276854,264.10320780408057
2025-10-17,248.47814276898782,265.4952206883263
2025-10-20,251.0154155363621,268.3286575937574
2025-10-21,250.71663023088408,268.33743098854467
2025-10-22,249.67198564762708,266.90516942621707
2025-10-23,251.19214850807694,268.46053086041616
2025-10-24,253.4796325581083,270.5820194234401
2025-10-27,256.87208521693645,273.9074862054902
2025-10-28,257.2767600530224,274.5341711568713
2025-10-29,257.5354913152454,274.5222074367068
2025-10-30,255.24132845842396,271.80311646156343
2025-10-31,255.93406174978165,272.51467573990016
2025-11-03,256.54038565129594,272.98359521073803
2025-11-04,253.34127796315533,269.7796331378708
2025-11-05,254.62218626343082,270.76528805379746
2025-11-06,251.9057161665702,267.73862247780704
2025-11-07,251.93388769973137,268.0764662633304
2025-11-10,256.1330405064564,272.20511691229416
2025-11-11,256.66050851397864,272.7700379425008
2025-11-12,256.46578512999855,272.94175136996756
2025-11-13,251.9240174435947,268.4226943795707
2025-11-14,251.76033163260078,268.2880198516051
2025-11-17,250.05219311955932,265.829893601676
2025-11-18,248.08115035559587,263.635085914587
2025-11-19,249.39546576260324,264.62472873723516
2025-11-20,245.6252208824275,260.5052405471291
2025-11-21,248.32225487289134,263.0641927508999
2025-11-24,252.93338963851815,267.13306370544814
2025-11-25,255.41108036065046,269.5537425386022
2025-11-26,256.9490214092887,271.4154724750301
2025-11-28,258.26281162596115,272.8688407631764
2025-12-01,256.71488085690777,271.4162700563744
2025-12-02,257.3556976983466,272.08320368583736
2025-12-03,258.3897920542789,272.8939548489201
2025-12-04,258.60678204438886,273.1887681482583
2025-12-05,259.2906029705489,273.7178369243785
2025-12-08,258.0438695189065,272.7660500357793
2025-12-09,258.06232547098455,272.5270090709315
2025-12-10,259.8379549587821,274.36644563612606
2025-12-11,259.89075686581356,274.9369497357428
2025-12-12,257.1431659396975,272.00511852691005
2025-12-15,256.79176273645623,271.5708452115405
2025-12-16,256.1806567104164,270.9234425984111
2025-12-17,252.85541109400867,267.78285906261044
2025-12-18,255.07241844224473,269.90751849780804
2025-12-19,257.3765012609086,272.28757904201336
2025-12-22,259.08240393217613,274.0401570534933
2025-12-23,260.33155510332415,275.2871463055011
2025-12-24,261.116664667558,276.1739789475486
2025-12-26,260.98700082558673,276.0899216551408
2025-12-29,260.1086353624898,275.12580143551025
2025-12-30,259.7887375096818,274.7473199078346
2025-12-31,257.94909320597657,272.7258208109009
2026-01-02,258.47999427389163,273.24255625598977
2026-01-05,260.1597791918239,274.9787741233098
2026-01-06,261.54106890195254,276.68273857919445
2026-01-07,261.03286571338276,275.73097114379874
2026-01-08,261.2646351738379,275.75207786961744
2026-01-09,263.0466767995839,277.537706873877
2026-01-12,263.6451317660302,277.9755595786942
2026-01-13,263.35525103708324,277.436530762372
2026-01-14,262.00141231001356,275.95686174306735
2026-01-15,262.432092008018,276.66881008547443
2026-01-16,262.0977255170955,276.4911050713237
2026-01-20,256.6028025196822,270.7879899423047
2026-01-21,259.6741034133805,273.9258111232056
2026-01-22,261.19497077621827,275.42897961236184
2026-01-23,261.10231943682953,275.51900903825015
2026-01-26,262.55986564916475,276.8982800741906
2026-01-27,263.52451096948806,278.02855010508137
2026-01-28,263.52055278787566,278.0058287633706
2026-01-29,263.42699710930424,277.6464697347546
2026-01-30,262.37735693700256,276.45206249186003
2026-02-02,264.02417684144626,277.94248913271105
2026-02-03,261.7759667699881,275.60666517330907
2026-02-04,260.1506885188128,274.20868015558284
2026-02-05,256.9606418476933,270.84934534620527
2026-02-06,261.2093554587411,276.1839389877506
2026-02-09,262.4652750878643,277.47954179535367
2026-02-10,261.3975509740322,276.56282903270017
2026-02-11,260.9978761468575,276.54928960305057
2026-02-12,257.10230554261557,272.21824782466985
2026-02-13,257.1008038323713,272.3541089980501
2026-02-17,257.05457357866777,272.63499380366835
2026-02-18,258.4221616919239,274.1524993038185
2026-02-19,257.6967599525311,273.37880649344044
2026-02-20,259.8918210699222,275.2759801666809
2026-02-23,257.116847562751,272.41705956463926
2026-02-24,258.94949476722184,274.50148977495854
2026-02-25,261.0194793091794,276.73493152423725
2026-02-26,259.48001907250324,275.25008795279643
2026-02-27,258.7168124556108,274.0556807099019
2026-03-02,258.49690296018866,274.16485208805335
2026-03-03,256.0905800064263,271.5756306996063
2026-03-04,258.0057022536192,273.681984670292
2026-03-05,256.51605116844263,272.1365832762949
2026-03-06,253.20377432213292,268.5234814270053
2026-03-09,255.51158915065474,270.75334378683647
2026-03-10,255.0302272738996,270.1752529378471
2026-03-11,254.94204650488422,269.9489538213046
2026-03-12,251.040765568831,265.8382584791894
