Date,S&P 500-style reconstruction
2019-01-02,100.0
2019-01-03,100.0
2019-01-04,100.0
2019-01-07,100.0
2019-01-08,100.86650651286375
2019-01-09,101.1566134195846
2019-01-10,101.7182186595099
2019-01-11,101.79462743752204
2019-01-14,101.2783809143798
2019-01-15,102.08722995841919
2019-01-16,102.38423537046641
2019-01-17,103.14157657254725
2019-01-18,104.54315060002222
2019-01-22,103.25428562268841
2019-01-23,103.5130262078769
2019-01-24,103.58694358993368
2019-01-25,104.36410220816683
2019-01-28,103.65239935796768
2019-01-29,103.70502707908815
2019-01-30,105.02867477033323
2019-01-31,105.92727988096568
2019-02-01,106.29100454747771
2019-02-04,106.87926795099465
2019-02-05,107.35412051462619
2019-02-06,107.18799181607686
2019-02-07,106.2645231053603
2019-02-08,106.34547284112924
2019-02-11,106.48856566734992
2019-02-12,107.73845541040052
2019-02-13,108.18867686923726
2019-02-14,107.79566985428796
2019-02-15,109.1576661990053
2019-02-19,109.26302993187507
2019-02-20,109.46993132818628
2019-02-21,109.24682441853165
2019-02-22,109.85093783979431
2019-02-25,110.03969948958473
2019-02-26,110.00388485226753
2019-02-27,110.03211380726327
2019-02-28,109.66294255640057
2019-03-01,110.28959371811638
2019-03-04,109.70516861786332
2019-03-05,109.41404913175217
2019-03-06,108.60112949392659
2019-03-07,107.95470420270516
2019-03-08,107.7309516313498
2019-03-11,109.16489733273342
2019-03-12,109.39013257212342
2019-03-13,110.18269634019249
2019-03-14,110.22277763459381
2019-03-15,110.71885343492293
2019-03-18,111.17875354060955
2019-03-19,111.05374030312738
2019-03-20,110.43856520145405
2019-03-21,111.56449303967469
2019-03-22,109.50394458008962
2019-03-25,109.4011603108299
2019-03-26,110.32097689585443
2019-03-27,109.77434651633698
2019-03-28,110.1882385310602
2019-03-29,110.93423491939464
2019-04-01,112.140382020926
2019-04-02,112.0575938045025
2019-04-03,112.24106512175767
2019-04-04,112.37586781131954
2019-04-05,112.89510947609843
2019-04-08,112.86716532511178
2019-04-09,112.10891978337327
2019-04-10,112.45689468088011
2019-04-11,112.49262177397254
2019-04-12,113.24886520444394
2019-04-15,113.18740256506254
2019-04-16,113.20808090498811
2019-04-17,112.87243068123753
2019-04-18,113.134006206922
2019-04-22,113.13100775551028
2019-04-23,114.00766798767808
2019-04-24,113.87496579612542
2019-04-25,113.78479498922331
2019-04-26,114.40305141462682
2019-04-29,114.51349747120207
2019-04-30,115.10469377878736
2019-05-01,114.09109620152068
2019-05-02,113.92848217011746
2019-05-03,114.9404550015112
2019-05-06,114.46201402223414
2019-05-07,112.61473909934891
2019-05-08,112.46931424890543
2019-05-09,112.1719938325863
2019-05-10,112.78126238926798
2019-05-13,110.29996315987016
2019-05-14,111.32601516384118
2019-05-15,111.79566231923346
2019-05-16,112.8078457847228
2019-05-17,112.2206491117274
2019-05-20,111.62564235019951
2019-05-21,112.50173906469814
2019-05-22,112.20873308969557
2019-05-23,110.95710503901495
2019-05-24,111.15426255109746
2019-05-28,110.06066829191472
2019-05-29,109.33500858060282
2019-05-30,109.60703675629809
2019-05-31,108.28375387142941
2019-06-03,108.44866752999178
2019-06-04,110.76776761967733
2019-06-05,111.73602087487227
2019-06-06,112.42433111399122
2019-06-07,113.43412457255391
2019-06-10,113.83803776931731
2019-06-11,113.72009828564336
2019-06-12,113.61137291465637
2019-06-13,114.02796643764894
2019-06-14,113.8468588621318
2019-06-17,113.75420996544128
2019-06-18,114.85441798811841
2019-06-19,115.25607988373625
2019-06-20,116.41852228840386
2019-06-21,116.14729199858469
2019-06-24,115.87934521750344
2019-06-25,114.85293055305077
2019-06-26,114.59727491122243
2019-06-27,115.06798859931406
2019-06-28,115.79498030059754
2019-07-01,116.60620660977969
2019-07-02,116.94595013744504
2019-07-03,117.8615808308692
2019-07-05,117.57534736357096
2019-07-08,117.01873941753365
2019-07-09,117.03378189125976
2019-07-10,117.44149055512723
2019-07-11,117.74453880812577
2019-07-12,118.31653253054235
2019-07-15,118.29413111901515
2019-07-16,117.87612888959487
2019-07-17,117.103552079901
2019-07-18,117.63913822037269
2019-07-19,116.99410913612431
2019-07-22,117.20179134250961
2019-07-23,118.08741367698643
2019-07-24,118.66623879561497
2019-07-25,118.07927182301772
2019-07-26,118.82897230460006
2019-07-29,118.63566650843806
2019-07-30,118.39455714370455
2019-07-31,117.00423650711042
2019-08-01,115.98776886748752
2019-08-02,115.277984816892
2019-08-05,111.96876787465027
2019-08-06,113.4004775599503
2019-08-07,113.44552704081275
2019-08-08,115.53713326987791
2019-08-09,114.83126331073082
2019-08-12,113.38334703947383
2019-08-13,114.93492294044052
2019-08-14,111.65729415739062
2019-08-15,111.74490425812522
2019-08-16,113.50965322844434
2019-08-19,114.74009022583257
2019-08-20,113.84343179941565
2019-08-21,114.72625122414672
2019-08-22,114.72233586647104
2019-08-23,111.91955936168473
2019-08-26,113.12124766441096
2019-08-27,112.77019348885986
2019-08-28,113.50741162330851
2019-08-29,114.859286231825
2019-08-30,114.99872802805669
2019-09-03,114.28406508134084
2019-09-04,115.52375948679341
2019-09-05,116.82476075862014
2019-09-06,116.98018756625711
2019-09-09,116.85284750873734
2019-09-10,116.81815529048282
2019-09-11,117.57229042413432
2019-09-12,117.91444909522231
2019-09-13,117.88906706648761
2019-09-16,117.5346291154766
2019-09-17,117.86795005322685
2019-09-18,117.91415426052714
2019-09-19,117.94036151802516
2019-09-20,117.44391887493906
2019-09-23,117.45831231937296
2019-09-24,116.51628077953437
2019-09-25,117.12926040939658
2019-09-26,116.89756838998471
2019-09-27,116.29739957581702
2019-09-30,116.80066353019313
2019-10-01,115.2395507602207
2019-10-02,113.18994964541619
2019-10-03,114.08141047304672
2019-10-04,115.63633493959667
2019-10-07,115.10555393371568
2019-10-08,113.27200661507213
2019-10-09,114.29325738673633
2019-10-10,114.98899111529082
2019-10-11,116.22153333506344
2019-10-14,116.02677121866567
2019-10-15,117.08582084375317
2019-10-16,116.78156916340856
2019-10-17,117.08639887050072
2019-10-18,116.68762442876017
2019-10-21,117.30972995227454
2019-10-22,116.96784568291096
2019-10-23,117.2495726836204
2019-10-24,117.46207864185743
2019-10-25,117.96383701287535
2019-10-28,118.50566918335927
2019-10-29,118.61346478331951
2019-10-30,119.24359693127458
2019-10-31,118.69213445003099
2019-11-01,119.7653013033202
2019-11-04,120.13977063650145
2019-11-05,119.96670544269945
2019-11-06,120.14015344722057
2019-11-07,120.51931020875053
2019-11-08,120.88666642795141
2019-11-11,120.65963884519233
2019-11-12,120.80603708207293
2019-11-13,120.98382541404062
2019-11-14,121.07610491029286
2019-11-15,122.02262866066818
2019-11-18,122.02212599580939
2019-11-19,122.03357369798762
2019-11-20,121.66745653299391
2019-11-21,121.48148097022806
2019-11-22,121.77148955167469
2019-11-25,122.58609699630428
2019-11-26,122.88464475835552
2019-11-27,123.29529382509163
2019-11-29,122.8216007086964
2019-12-02,121.78985487408598
2019-12-03,120.99960223988056
2019-12-04,121.70948938045709
2019-12-05,121.8414231959555
2019-12-06,122.9142364261395
2019-12-09,122.5468447880471
2019-12-10,122.41313732190197
2019-12-11,122.71251185398462
2019-12-12,123.89284778573267
2019-12-13,123.90027604600455
2019-12-16,124.6278613729204
2019-12-17,124.58773545657567
2019-12-18,124.44918945296888
2019-12-19,125.0009047988423
2019-12-20,125.7245031101993
2019-12-23,125.79058562415571
2019-12-24,125.79295571001701
2019-12-26,126.2302567377065
2019-12-27,126.25240108652605
2019-12-30,125.55279435935378
2019-12-31,125.90470635567921
2020-01-02,126.89079734006089
2020-01-03,126.05641062932986
2020-01-06,126.32087538613324
2020-01-07,125.91371747897921
2020-01-08,126.5287265235508
2020-01-09,127.31986746372314
2020-01-10,126.9237972624556
2020-01-13,127.84106149497896
2020-01-14,127.73905525737528
2020-01-15,127.98857841653457
2020-01-16,129.039404218373
2020-01-17,129.47742540719148
2020-01-21,129.05357865160425
2020-01-22,129.08284561683743
2020-01-23,129.2820015189001
2020-01-24,128.11690099601086
2020-01-27,126.23614101041103
2020-01-28,127.38747315718426
2020-01-29,127.38151463886982
2020-01-30,127.98606219728332
2020-01-31,125.5785582775586
2020-02-03,126.42546397191947
2020-02-04,128.35867037094826
2020-02-05,129.83926877574527
2020-02-06,130.20764976510802
2020-02-07,129.46787852864173
2020-02-10,130.3304571489933
2020-02-11,130.63483757479412
2020-02-12,131.34419005952452
2020-02-13,131.08218450130755
2020-02-14,131.31171395440984
2020-02-18,130.88523389350638
2020-02-19,131.42024070733126
2020-02-20,131.02573014688195
2020-02-21,129.830958424331
2020-02-24,125.659396925755
2020-02-25,121.75566333754308
2020-02-26,120.97623501458597
2020-02-27,115.76634404005716
2020-02-28,114.64411082142301
2020-03-02,119.86444911038951
2020-03-03,116.5949594815545
2020-03-04,121.43717716172688
2020-03-05,117.29500511878213
2020-03-06,115.12918440253831
2020-03-09,106.05858084791475
2020-03-10,111.24091192332726
2020-03-11,105.64946430362131
2020-03-12,95.41003436510633
2020-03-13,104.37632010404963
2020-03-16,91.648264430669
2020-03-17,97.15678937870204
2020-03-18,91.62308796825894
2020-03-19,92.0105455306931
2020-03-20,88.03156526353936
2020-03-23,84.99721719391012
2020-03-24,93.39311927234017
2020-03-25,95.13740812418476
2020-03-26,101.27336573659151
2020-03-27,97.85422782852606
2020-03-30,101.09707481637219
2020-03-31,99.26603391748533
2020-04-01,94.78443847120623
2020-04-02,97.07381559957776
2020-04-03,95.57758580990574
2020-04-06,102.25699561903873
2020-04-07,102.01365848403144
2020-04-08,105.66128283335223
2020-04-09,107.37882364240915
2020-04-13,105.68289222862246
2020-04-14,108.60923050873585
2020-04-15,105.79310890591833
2020-04-16,106.14710277795673
2020-04-17,109.61167984353828
2020-04-20,107.41334181002034
2020-04-21,104.16840149864038
2020-04-22,106.35802786640352
2020-04-23,106.1975243283238
2020-04-24,107.59694457535896
2020-04-27,109.53950585879792
2020-04-28,109.38301523042075
2020-04-29,111.90602652309558
2020-04-30,110.29073420526461
2020-05-01,107.31208305924342
2020-05-04,107.52926849794089
2020-05-05,108.4808271528971
2020-05-06,107.44753558411611
2020-05-07,108.80211273905888
2020-05-08,110.76731978487835
2020-05-11,110.52124030178607
2020-05-12,108.20470845564196
2020-05-13,106.15771807471968
2020-05-14,107.36629991800713
2020-05-15,107.67080328214047
2020-05-18,111.55971362952101
2020-05-19,110.13869231895863
2020-05-20,111.83947400078709
2020-05-21,111.02374100683838
2020-05-22,111.22440781959565
2020-05-26,113.0102946192436
2020-05-27,115.0656831554403
2020-05-28,114.80684407523627
2020-05-29,115.27781296652589
2020-06-01,115.59860788749556
2020-06-02,116.67863302105465
2020-06-03,118.60525596436364
2020-06-04,118.4048900611668
2020-06-05,121.60461698560627
2020-06-08,123.23403203200876
2020-06-09,121.58209087480827
2020-06-10,120.55114443546351
2020-06-11,113.07747358343101
2020-06-12,114.79781574603783
2020-06-15,115.69055067397547
2020-06-16,117.90236907310876
2020-06-17,117.23214612491539
2020-06-18,117.38907817010573
2020-06-19,116.55334347109421
2020-06-22,117.05012301854296
2020-06-23,117.38007867875089
2020-06-24,114.15648281585962
2020-06-25,115.46175721872909
2020-06-26,112.94929329406216
2020-06-29,114.67263730313404
2020-06-30,116.31847164859643
2020-07-01,116.5002399075184
2020-07-02,117.06587984119254
2020-07-06,118.53832914074984
2020-07-07,117.1508761539879
2020-07-08,117.85514316785913
2020-07-09,116.71846041724466
2020-07-10,117.97769532405889
2020-07-13,117.11417167237839
2020-07-14,118.85129186348335
2020-07-15,120.29701952585053
2020-07-16,119.84868305842741
2020-07-17,120.38588741604836
2020-07-20,120.69229016792829
2020-07-21,121.24352903406952
2020-07-22,122.08363165810492
2020-07-23,121.07725900447228
2020-07-24,120.15998645713901
2020-07-27,120.77662533549184
2020-07-28,120.2944000494013
2020-07-29,121.63522197248867
2020-07-30,120.82824198811528
2020-07-31,120.88651757258708
2020-08-03,121.87179607457412
2020-08-04,122.29048325578769
2020-08-05,123.16380320392899
2020-08-06,123.60001486251424
2020-08-07,124.02780522023666
2020-08-10,124.50959588894001
2020-08-11,123.9325891976399
2020-08-12,125.36669107527875
2020-08-13,124.87377365782287
2020-08-14,124.91124207158315
2020-08-17,125.08621242995083
2020-08-18,124.99960652604172
2020-08-19,124.53043029678528
2020-08-20,124.5649976051499
2020-08-21,124.7126427537693
2020-08-24,126.05498796110217
2020-08-25,126.40248192226669
2020-08-26,127.16512132401006
2020-08-27,127.85101249717596
2020-08-28,128.871530628466
2020-08-31,128.09561913367176
2020-09-01,128.40815023267297
2020-09-02,130.22913538798602
2020-09-03,126.08121840324628
2020-09-04,125.40782902246652
2020-09-08,121.84148463742576
2020-09-09,124.28850742102561
2020-09-10,122.46434417733674
2020-09-11,122.82432354846138
2020-09-14,124.81399015026192
2020-09-15,125.46473162858243
2020-09-16,125.51377792982106
2020-09-17,124.64930441882234
2020-09-18,123.67070434778744
2020-09-21,121.87304120630702
2020-09-22,122.51701409542042
2020-09-23,119.62718728524943
2020-09-24,119.87600532087687
2020-09-25,121.65278906786858
2020-09-28,123.60069161304479
2020-09-29,122.91035610524459
2020-09-30,124.04933361373027
2020-10-01,124.61796615569992
2020-10-02,123.72156543388353
2020-10-05,125.70411690481804
2020-10-06,124.11974240872354
2020-10-07,126.28645601982242
2020-10-08,127.39357445559698
2020-10-09,128.38524783550815
2020-10-12,129.7031467263232
2020-10-13,128.93961082688713
2020-10-14,128.30770323655787
2020-10-15,128.14748933700247
2020-10-16,128.3946380574284
2020-10-19,126.42477583238932
2020-10-20,126.7925873217789
2020-10-21,126.39256321665557
2020-10-22,127.27530613003644
2020-10-23,127.46929562480646
2020-10-26,125.04774773343645
2020-10-27,124.28423575435417
2020-10-28,120.1633834833573
2020-10-29,121.34764723549915
2020-10-30,120.19942446861447
2020-11-02,121.91487493992103
2020-11-03,124.15795157064109
2020-11-04,126.2655255017721
2020-11-05,128.75506495890636
2020-11-06,128.81077147655813
2020-11-09,131.335974741555
2020-11-10,131.60195471464095
2020-11-11,132.36046940300443
2020-11-12,130.97615331082932
2020-11-13,132.89833573659843
2020-11-16,134.63389769524795
2020-11-17,134.11815165600447
2020-11-18,132.65749733486768
2020-11-19,133.17021937439893
2020-11-20,132.31604916601597
2020-11-23,133.32068992426213
2020-11-24,135.62382784552972
2020-11-25,135.36124526243927
2020-11-27,135.61447691024088
2020-11-30,135.01493328296513
2020-12-01,136.30794154507896
2020-12-02,136.4822199510021
2020-12-03,136.63559832203777
2020-12-04,138.04592919024543
2020-12-07,137.793767298806
2020-12-08,138.2549259312329
2020-12-09,137.38067747000758
2020-12-10,137.2499701164321
2020-12-11,136.93445061795904
2020-12-14,136.0486139082819
2020-12-15,137.93041308416636
2020-12-16,138.02898403260613
2020-12-17,139.08190609577474
2020-12-18,138.70135414379067
2020-12-21,138.3418550903248
2020-12-22,138.18508685265795
2020-12-23,138.38661652072736
2020-12-24,138.83215132388403
2020-12-28,139.63943153813372
2020-12-29,139.1936690763561
2020-12-30,139.51492380349347
2020-12-31,140.40693629355653
2021-01-04,138.21790901928605
2021-01-05,139.22612875637498
2021-01-06,140.4629994083673
2021-01-07,142.336316848443
2021-01-08,142.9961691638437
2021-01-11,142.49352644374562
2021-01-12,142.73198058320156
2021-01-13,142.94276010496756
2021-01-14,142.59185403443428
2021-01-15,141.42006068571436
2021-01-19,142.30203307441988
2021-01-20,143.6885420967766
2021-01-21,143.55109380825374
2021-01-22,143.16562338877495
2021-01-25,143.65734142419777
2021-01-26,143.3262800761905
2021-01-27,139.98449020643028
2021-01-28,141.4291095116492
2021-01-29,138.64285090551124
2021-02-01,140.48329529462157
2021-02-02,142.46919430185866
2021-02-03,142.53038329992762
2021-02-04,144.3746975654223
2021-02-05,144.85961104416273
2021-02-08,146.08565705898872
2021-02-09,145.9435688497673
2021-02-10,145.95214625664528
2021-02-11,146.22277991923
2021-02-12,146.87482314629116
2021-02-16,146.6744445398191
2021-02-17,146.50360859711927
2021-02-18,145.81767303829784
2021-02-19,145.86921901818846
2021-02-22,145.0774004368679
2021-02-23,145.2114084437376
2021-02-24,146.98275030351834
2021-02-25,143.65532676720838
2021-02-26,142.7478397448243
2021-03-01,146.15642529548032
2021-03-02,145.16115136064948
2021-03-03,143.68593395276952
2021-03-04,141.69955580182213
2021-03-05,144.49862037174427
2021-03-08,144.37064744329206
2021-03-09,145.85561620890678
2021-03-10,146.80830565034302
2021-03-11,147.8107929576138
2021-03-12,148.2881840535816
2021-03-15,149.29299485046658
2021-03-16,148.87696559650124
2021-03-17,149.2096630113172
2021-03-18,147.24764753785965
2021-03-19,146.83074826345182
2021-03-22,147.71681816690045
2021-03-23,146.34447130842852
2021-03-24,145.77652884748224
2021-03-25,146.86406197024334
2021-03-26,149.5561850718626
2021-03-29,149.22821953933553
2021-03-30,148.83638971206264
2021-03-31,149.0719161134256
2021-04-01,150.62187047390373
2021-04-05,152.48856554445146
2021-04-06,152.41392819812512
2021-04-07,152.34945748980533
2021-04-08,152.97724344181697
2021-04-09,154.15485248918907
2021-04-12,154.08836218449116
2021-04-13,154.4780285713461
2021-04-14,154.20237569931086
2021-04-15,155.71010293953628
2021-04-16,156.3702798324007
2021-04-19,155.65032611018853
2021-04-20,154.41974880035878
2021-04-21,155.95991345753254
2021-04-22,154.77715152089675
2021-04-23,156.39495733077356
2021-04-26,156.49952396434588
2021-04-27,156.63768686613312
2021-04-28,156.20082530236732
2021-04-29,156.9719089485742
2021-04-30,155.8126597759952
2021-05-03,156.6422876138533
2021-05-04,155.7314076031933
2021-05-05,155.90158919736555
2021-05-06,157.04864297375008
2021-05-07,158.27654815697846
2021-05-10,157.14738190750995
2021-05-11,155.60811584337222
2021-05-12,152.33701348615247
2021-05-13,154.30841801020892
2021-05-14,156.54615123220935
2021-05-17,155.97415721685383
2021-05-18,154.72596230694626
2021-05-19,154.17387459664303
2021-05-20,155.6400012431703
2021-05-21,155.67260381355638
2021-05-24,156.9382732207686
2021-05-25,156.50632616183947
2021-05-26,156.8184390599737
2021-05-27,157.2647561595053
2021-05-28,157.3139792984039
2021-06-01,157.2319926801217
2021-06-02,157.48868177003988
2021-06-03,157.05948933698238
2021-06-04,158.28214599302947
2021-06-07,158.1562470783136
2021-06-08,158.06165196733681
2021-06-09,157.70778265594575
2021-06-10,158.21248156090329
2021-06-11,158.5943084945112
2021-06-14,158.62848139550803
2021-06-15,158.3714544017147
2021-06-16,157.441572704192
2021-06-17,156.98737101049426
2021-06-18,154.83644094812433
2021-06-21,157.30768103308034
2021-06-22,157.96254160476667
2021-06-23,157.63445142580233
2021-06-24,158.69442590151002
2021-06-25,159.45330433806924
2021-06-28,159.38386191722554
2021-06-29,159.55319708528364
2021-06-30,159.88411238355417
2021-07-01,160.7042637955874
2021-07-02,161.72359991059355
2021-07-06,160.95989835264842
2021-07-07,161.6715789243631
2021-07-08,160.17816173738825
2021-07-09,162.19266673101978
2021-07-12,162.5106002162254
2021-07-13,161.97571292773262
2021-07-14,162.23685439184726
2021-07-15,162.01991628385105
2021-07-16,160.97163063320716
2021-07-19,158.18660699262603
2021-07-20,160.7899013867305
2021-07-21,162.14060132716
2021-07-22,162.24975875924696
2021-07-23,163.6154158063737
2021-07-26,163.93878782943995
2021-07-27,163.46570602535374
2021-07-28,163.24556793533233
2021-07-29,164.14822329010042
2021-07-30,163.62716159730678
2021-08-02,163.18479488606977
2021-08-03,164.63179235611486
2021-08-04,163.80786879831112
2021-08-05,164.67643025847855
2021-08-06,165.14660885079226
2021-08-09,165.03020055560597
2021-08-10,165.2992360848412
2021-08-11,165.82656973914132
2021-08-12,166.2272056107662
2021-08-13,166.5396855247647
2021-08-16,166.9724350661728
2021-08-17,166.0289332742837
2021-08-18,164.23601015325505
2021-08-19,164.31351596999386
2021-08-20,165.54804979851843
2021-08-23,166.67439240114805
2021-08-24,166.91012916877997
2021-08-25,167.19662995566148
2021-08-26,166.1578826908503
2021-08-27,167.40958379502666
2021-08-30,167.91204500679737
2021-08-31,167.53131558497586
2021-09-01,167.53544340874208
2021-09-02,168.21557676551936
2021-09-03,168.02698393884472
2021-09-07,167.21254692869772
2021-09-08,167.02265937980394
2021-09-09,166.30187479293235
2021-09-10,165.02715791848732
2021-09-13,165.40246258424872
2021-09-14,164.31840705228197
2021-09-15,165.70272107322896
2021-09-16,165.48846198230265
2021-09-17,164.0770824768919
2021-09-20,161.48911890191013
2021-09-21,161.42818980161894
2021-09-22,163.0691766289614
2021-09-23,165.09674655974482
2021-09-24,165.1756900077872
2021-09-27,164.6976149898032
2021-09-28,161.60850726933663
2021-09-29,161.97800782490853
2021-09-30,159.89444131160678
2021-10-01,161.80659680403815
2021-10-04,160.01638736125122
2021-10-05,161.53157284678514
2021-10-06,162.15494520202432
2021-10-07,163.50862042381274
2021-10-08,163.207101108444
2021-10-11,162.11859719385836
2021-10-12,161.8488170652892
2021-10-13,162.3037766761731
2021-10-14,165.02243364298545
2021-10-15,166.2217543272793
2021-10-18,166.4989336934219
2021-10-19,167.82216783840795
2021-10-20,168.63792598251635
2021-10-21,168.9830254251547
2021-10-22,169.35311110316132
2021-10-25,169.949444887662
2021-10-26,170.1539141490711
2021-10-27,168.71754822925226
2021-10-28,170.31602517637975
2021-10-29,170.43096119301998
2021-11-01,170.79635297110963
2021-11-02,171.46131756971806
2021-11-03,172.45225103713358
2021-11-04,172.59140062540956
2021-11-05,173.3000432482745
2021-11-08,173.61123768459572
2021-11-09,173.09453281049036
2021-11-10,171.8779272294234
2021-11-11,171.8899302493638
2021-11-12,172.9694780930334
2021-11-15,172.94200727826785
2021-11-16,173.71793955344032
2021-11-17,173.18070903194976
2021-11-18,173.19945273625788
2021-11-19,172.66091587139982
2021-11-22,172.37419287958994
2021-11-23,172.86367840846663
2021-11-24,173.16080443701838
2021-11-26,169.271085144669
2021-11-29,171.15159844947806
2021-11-30,167.9520778493097
2021-12-01,166.17873137827195
2021-12-02,168.85345799022022
2021-12-03,167.65292778167202
2021-12-06,169.69173784734517
2021-12-07,172.82565594368148
2021-12-08,173.33973869963899
2021-12-09,172.32770126260527
2021-12-10,174.18677227840482
2021-12-13,172.86657754607822
2021-12-14,171.53890150827655
2021-12-15,174.0326023847976
2021-12-16,173.00914185053466
2021-12-17,171.1483029610199
2021-12-20,169.14795776777453
2021-12-21,172.0690667531989
2021-12-22,173.73904827999021
2021-12-23,174.76961290882602
2021-12-27,177.1270676544994
2021-12-28,176.97914318582787
2021-12-29,177.3155090294602
2021-12-30,176.85944061877902
2021-12-31,176.59379113655723
2022-01-03,177.35752818451644
2022-01-04,177.63574956968262
2022-01-05,174.59741732456345
2022-01-06,174.36685641988973
2022-01-07,173.90865495592752
2022-01-10,173.5302764757771
2022-01-11,175.0204725669956
2022-01-12,175.39203020871318
2022-01-13,173.29235662330296
2022-01-14,173.16091513161882
2022-01-18,170.12051580322708
2022-01-19,168.53082623999012
2022-01-20,166.95459589928114
2022-01-21,164.41637539732028
2022-01-24,164.76532619312002
2022-01-25,163.20614300563173
2022-01-26,162.852872783723
2022-01-27,162.18672586165962
2022-01-28,166.18338112173535
2022-01-31,168.78826091038107
2022-02-01,169.85258081378868
2022-02-02,171.06227634225525
2022-02-03,168.26428043335133
2022-02-04,168.41477641304567
2022-02-07,168.11612206289007
2022-02-08,169.463455209266
2022-02-09,171.77862223201075
2022-02-10,168.75590189717616
2022-02-11,165.99720077428995
2022-02-14,165.08815784626637
2022-02-15,167.53710508897382
2022-02-16,167.6849494698435
2022-02-17,164.48231536354191
2022-02-18,163.45124979844633
2022-02-22,161.82550534262577
2022-02-23,159.0550128147114
2022-02-24,160.82909674949877
2022-02-25,164.56963512659243
2022-02-28,163.9251321144797
2022-03-01,161.42839062555342
2022-03-02,164.63706548065576
2022-03-03,163.9498537605223
2022-03-04,162.62056368865822
2022-03-07,158.1654761158862
2022-03-08,156.83990604114837
2022-03-09,160.66225361531298
2022-03-10,159.76271333938098
2022-03-11,157.9179058918239
2022-03-14,156.97344256881235
2022-03-15,159.98525917985293
2022-03-16,163.29572466594453
2022-03-17,165.28426178067906
2022-03-18,166.8832684976768
2022-03-21,166.78236095461742
2022-03-22,168.4279835650019
2022-03-23,166.4113382586903
2022-03-24,168.55211761303877
2022-03-25,169.40358994608854
2022-03-28,170.3820627260697
2022-03-29,172.60160571629436
2022-03-30,171.65305620637855
2022-03-31,169.0476344526438
2022-04-01,169.69207164775355
2022-04-04,170.56030307302132
2022-04-05,168.65055810683901
2022-04-06,167.47967036534322
2022-04-07,168.30358617730255
2022-04-08,168.29497034930972
2022-04-11,165.78840708644643
2022-04-12,165.31938726954178
2022-04-13,166.9887363462007
2022-04-14,165.30598355226198
2022-04-18,164.9447215272371
2022-04-19,167.48048061530395
2022-04-20,168.24525632718618
2022-04-21,165.97169520558555
2022-04-22,161.33313330595996
2022-04-25,162.1224270085359
2022-04-26,157.97322345369503
2022-04-27,158.81093949523327
2022-04-28,162.2422815415764
2022-04-29,156.87037248554566
2022-05-02,157.37052648792783
2022-05-03,158.03038144053687
2022-05-04,162.7146175709574
2022-05-05,157.34507070195798
2022-05-06,156.49784855633777
2022-05-09,151.646720127667
2022-05-10,151.84016910772255
2022-05-11,149.60945302532775
2022-05-12,149.39521933931277
2022-05-13,152.67798822162496
2022-05-16,152.2522956146111
2022-05-17,155.15496854005576
2022-05-18,149.16014578891006
2022-05-19,148.3115869703696
2022-05-20,148.54709086311013
2022-05-23,151.48452707516603
2022-05-24,150.8134206074822
2022-05-25,152.11629998266318
2022-05-26,154.88004467584489
2022-05-27,158.4404527145332
2022-05-31,157.07501014030433
2022-06-01,155.89531253854528
2022-06-02,158.4523351457937
2022-06-03,156.22780318150092
2022-06-06,156.50209524331612
2022-06-07,158.0317755875426
2022-06-08,156.18494556938077
2022-06-09,152.4525931740412
2022-06-10,148.00477915915312
2022-06-13,142.31495091764927
2022-06-14,141.67511282373718
2022-06-15,143.59269564370197
2022-06-16,139.04313350539772
2022-06-17,139.36162784622502
2022-06-21,142.53278342227895
2022-06-22,142.34785256367454
2022-06-23,143.81205801491933
2022-06-24,148.14302827297712
2022-06-27,147.71919123362542
2022-06-28,144.880160166972
2022-06-29,144.88449651210564
2022-06-30,143.6945692100605
2022-07-01,145.44445206393272
2022-07-05,145.50183364283913
2022-07-06,145.93503638876712
2022-07-07,147.89914201116335
2022-07-08,147.69271087698354
2022-07-11,146.25969012848438
2022-07-12,144.9682759933821
2022-07-13,144.3818539337744
2022-07-14,143.87870589235965
2022-07-15,146.6864688810736
2022-07-18,145.4866469420703
2022-07-19,149.59909120001578
2022-07-20,150.41183256645445
2022-07-21,151.69208522083375
2022-07-22,149.93544159182596
2022-07-25,150.1502522697311
2022-07-26,148.31085989187739
2022-07-27,152.36648377666964
2022-07-28,154.19022244027505
2022-07-29,156.40788220570278
2022-08-01,155.88229028202053
2022-08-02,154.90994009463273
2022-08-03,157.45437530644276
2022-08-04,157.36370943706382
2022-08-05,157.2229739380123
2022-08-08,157.09881585448446
2022-08-09,156.5281104203283
2022-08-10,159.88324986428844
2022-08-11,159.73343405363292
2022-08-12,162.48160945126148
2022-08-15,163.0674752696325
2022-08-16,163.3709981136385
2022-08-17,162.12116999727075
2022-08-18,162.42108406381516
2022-08-19,160.25607232912438
2022-08-22,156.87526649893942
2022-08-23,156.45621252138955
2022-08-24,156.91417467937302
2022-08-25,159.23500364372296
2022-08-26,153.8043454678559
2022-08-29,152.78150328961706
2022-08-30,151.17653702963165
2022-08-31,150.02764343415672
2022-09-01,150.65058269921522
2022-09-02,148.99160257447005
2022-09-06,148.37328830190347
2022-09-07,151.1320546510328
2022-09-08,152.02542288324773
2022-09-09,154.44528404640204
2022-09-12,156.05846718788138
2022-09-13,149.27209970338095
2022-09-14,149.84228618595873
2022-09-15,148.10800417775877
2022-09-16,146.93605675141643
2022-09-19,147.9735891858947
2022-09-20,146.2732016889826
2022-09-21,143.68036213522538
2022-09-22,142.54416822721447
2022-09-23,140.07106161940953
2022-09-26,138.72247118228867
2022-09-27,138.3900175118792
2022-09-28,141.15022707537506
2022-09-29,138.11276284019732
2022-09-30,136.00115269820645
2022-10-03,139.46162867896015
2022-10-04,143.7518114811923
2022-10-05,143.4322427546306
2022-10-06,142.04484944552175
2022-10-07,138.0981626326561
2022-10-10,137.11710735374194
2022-10-11,136.18697585255143
2022-10-12,135.81427724545426
2022-10-13,139.20381775240153
2022-10-14,135.92382236066643
2022-10-17,139.6275195555273
2022-10-18,141.25104977083706
2022-10-19,140.18875435797472
2022-10-20,139.11534494883676
2022-10-21,142.34327759446975
2022-10-24,143.98851913334636
2022-10-25,146.39937796887932
2022-10-26,144.75002682476398
2022-10-27,143.61273088223103
2022-10-28,147.21784691268738
2022-10-31,146.03362400368053
2022-11-01,145.22584410068677
2022-11-02,141.4772886113216
2022-11-03,139.75721304960274
2022-11-04,141.71363748121956
2022-11-07,143.08500753781735
2022-11-08,143.79299808472913
2022-11-09,140.82518578104447
2022-11-10,148.70758965149454
2022-11-11,150.16082287364483
2022-11-14,148.7419840815778
2022-11-15,150.1143142759934
2022-11-16,148.995409619253
2022-11-17,148.52115501028325
2022-11-18,149.17388267398303
2022-11-21,148.40792459894598
2022-11-22,150.33485450678188
2022-11-23,151.28843944563044
2022-11-25,151.22532326459876
2022-11-28,148.93301809850792
2022-11-29,148.6573120374859
2022-11-30,153.3851049785803
2022-12-01,153.1763681778607
2022-12-02,153.0132053852488
2022-12-05,150.25573984348597
2022-12-06,148.0138853555481
2022-12-07,147.56001038811596
2022-12-08,148.49752324183876
2022-12-09,147.36042873785087
2022-12-12,149.36173117435533
2022-12-13,150.44833710191648
2022-12-14,149.56765702115248
2022-12-15,145.76217638601065
2022-12-16,144.1996214103509
2022-12-19,142.8181018551914
2022-12-20,143.00797006162782
2022-12-21,145.0461972277993
2022-12-22,142.98913860687117
2022-12-23,143.9018083774852
2022-12-27,143.2848908639094
2022-12-28,141.5568594166737
2022-12-29,144.05774018529507
2022-12-30,143.69486077461423
2023-01-03,143.25098832790337
2023-01-04,144.18677873632356
2023-01-05,142.4721107880147
2023-01-06,145.63526620172158
2023-01-09,145.5480650975176
2023-01-10,146.5371067267905
2023-01-11,148.60354321464564
2023-01-12,149.05016465934224
2023-01-13,149.68093292823716
2023-01-17,149.308019765546
2023-01-18,147.03958812344786
2023-01-19,146.13118921827373
2023-01-20,149.0283742727336
2023-01-23,150.70590839597233
2023-01-24,150.4507543252677
2023-01-25,150.27437449119554
2023-01-26,152.0330234786521
2023-01-27,152.5890047377639
2023-01-30,150.59752716014503
2023-01-31,152.8497257902746
2023-02-01,154.38160118196575
2023-02-02,157.07908589642236
2023-02-03,155.3791581319377
2023-02-06,154.33633013002193
2023-02-07,156.40380071045868
2023-02-08,154.27382657165703
2023-02-09,152.64784849563804
2023-02-10,153.00524055514225
2023-02-13,154.6709212932656
2023-02-14,154.60856320447917
2023-02-15,155.30224425623982
2023-02-16,153.20767832648696
2023-02-17,152.76455688807957
2023-02-21,149.6947079525467
2023-02-22,149.50148056461626
2023-02-23,149.9568541951114
2023-02-24,148.34284153364896
2023-02-27,148.79391231060825
2023-02-28,148.38390837800168
2023-03-01,147.74618400348328
2023-03-02,148.84742449054457
2023-03-03,151.2573321171099
2023-03-06,151.50964394242285
2023-03-07,149.21513755272372
2023-03-08,149.3450057804259
2023-03-09,146.57730347112087
2023-03-10,144.39121881995663
2023-03-13,144.29838371516485
2023-03-14,146.78963548312285
2023-03-15,145.9312862854998
2023-03-16,148.57096661639423
2023-03-17,147.05728855705163
2023-03-20,148.26061246108472
2023-03-21,150.43897866539302
2023-03-22,147.91204030878828
2023-03-23,148.3340253955447
2023-03-24,149.11283396648665
2023-03-27,149.19690340899606
2023-03-28,148.86318436395493
2023-03-29,150.9299595323659
2023-03-30,151.68004221193985
2023-03-31,153.98864162382583
2023-04-03,154.49774110405104
2023-04-04,153.69516194874595
2023-04-05,153.33130937620106
2023-04-06,154.10845627642829
2023-04-10,154.05600905854254
2023-04-11,154.0431660239178
2023-04-12,153.44469613406955
2023-04-13,155.64661936515375
2023-04-14,155.45632927738305
2023-04-17,155.75812233054054
2023-04-18,155.7688374770559
2023-04-19,155.7234546950122
2023-04-20,154.878470175735
2023-04-21,155.00409428738902
2023-04-24,155.13366483732938
2023-04-25,152.7147340816688
2023-04-26,152.12279348334744
2023-04-27,155.33456811341858
2023-04-28,156.47574179455094
2023-05-01,156.29465513023447
2023-05-02,154.59550452888647
2023-05-03,153.5901559920651
2023-05-04,152.52409394970192
2023-05-05,155.26223269609093
2023-05-08,155.4562899980578
2023-05-09,154.8322280889457
2023-05-10,155.70576654102237
2023-05-11,155.76275138023405
2023-05-12,155.55491217972533
2023-05-15,155.89550523545267
2023-05-16,155.07926434826592
2023-05-17,156.87826513194594
2023-05-18,158.21851194290647
2023-05-19,158.00748662832103
2023-05-22,158.21409757827652
2023-05-23,156.33133733826864
2023-05-24,155.14372397778232
2023-05-25,155.8466214809193
2023-05-26,157.6978805079164
2023-05-30,157.5398830516221
2023-05-31,156.8160523760247
2023-06-01,158.28127111711214
2023-06-02,160.63345414243304
2023-06-05,160.412525776685
2023-06-06,160.96425874658786
2023-06-07,160.09694645084923
2023-06-08,160.99116838324795
2023-06-09,161.173853437887
2023-06-12,162.64906285244493
2023-06-13,163.63283930826594
2023-06-14,163.56244690605962
2023-06-15,165.7272904437252
2023-06-16,165.07836345901728
2023-06-20,164.20144970559605
2023-06-21,163.2984761409008
2023-06-22,164.0892578004077
2023-06-23,162.9053976482733
2023-06-26,162.04863562676394
2023-06-27,163.79373895756873
2023-06-28,163.92442017118378
2023-06-29,164.58145256945284
2023-06-30,166.45323525060874
2023-07-03,166.6759869424005
2023-07-05,166.50211420439862
2023-07-06,165.11787928754634
2023-07-07,164.593264647936
2023-07-10,164.73655435674505
2023-07-11,165.92215798550677
2023-07-12,167.10894574198682
2023-07-13,168.73783684684253
2023-07-14,168.72418444821034
2023-07-17,169.17178604849207
2023-07-18,170.20835084284107
2023-07-19,170.58446130571252
2023-07-20,169.3867728432853
2023-07-21,169.5611036846709
2023-07-24,170.27091969176163
2023-07-25,170.64125957092685
2023-07-26,171.10772033700485
2023-07-27,170.01021793645137
2023-07-28,171.86644033083095
2023-07-31,172.13468217728635
2023-08-01,171.55302309533633
2023-08-02,169.26931337069516
2023-08-03,168.87005327624416
2023-08-04,167.97737252696186
2023-08-07,169.60815364013578
2023-08-08,168.97443881104047
2023-08-09,167.8759204000452
2023-08-10,167.96989094242224
2023-08-11,167.94435810718144
2023-08-14,168.68769863344986
2023-08-15,166.67218605531482
2023-08-16,165.41783847447462
2023-08-17,164.22646035162575
2023-08-18,164.0888364527989
2023-08-21,164.82029780376195
2023-08-22,164.5691690832966
2023-08-23,166.40995613132154
2023-08-24,164.05441381378418
2023-08-25,165.28813458621454
2023-08-28,166.27313708232373
2023-08-29,168.71340400636376
2023-08-30,169.37898151155656
2023-08-31,169.12074532880885
2023-09-01,169.552535577848
2023-09-05,168.92250272973376
2023-09-06,167.81510589483906
2023-09-07,167.5031110549209
2023-09-08,167.93685412975242
2023-09-11,169.27334616146408
2023-09-12,168.17943786911925
2023-09-13,168.45879527049118
2023-09-14,169.91699265822777
2023-09-15,168.05073569638725
2023-09-18,168.19250115298055
2023-09-19,167.87434596069158
2023-09-20,166.2144444426418
2023-09-21,163.42061010952986
2023-09-22,162.93945913141224
2023-09-25,163.5700654313017
2023-09-26,161.07851914759468
2023-09-27,161.1833988038131
2023-09-28,162.15873188125317
2023-09-29,161.6231281294818
2023-10-02,161.7173009540677
2023-10-03,159.48538116452727
2023-10-04,160.93604334190036
2023-10-05,160.6640604900853
2023-10-06,162.5915354939998
2023-10-09,163.66859150320403
2023-10-10,164.4981634241504
2023-10-11,165.25077317403213
2023-10-12,164.02237669722788
2023-10-13,163.2163628180963
2023-10-16,164.96312352288928
2023-10-17,165.20502322473385
2023-10-18,163.0314781244223
2023-10-19,161.56034620119505
2023-10-20,159.5033152696893
2023-10-23,159.16781231133058
2023-10-24,160.3842337378499
2023-10-25,157.49210968319508
2023-10-26,155.58451324157093
2023-10-27,154.86094138811666
2023-10-30,156.7756060262161
2023-10-31,157.79260383753518
2023-11-01,159.44124409699154
2023-11-02,162.4056838083127
2023-11-03,163.88809716944385
2023-11-06,164.17084565819061
2023-11-07,164.7494070127233
2023-11-08,164.89564420724298
2023-11-09,163.42964518801733
2023-11-10,165.8564058342304
2023-11-13,165.71975319461023
2023-11-14,168.84887340562557
2023-11-15,169.17871226281952
2023-11-16,169.5050402075958
2023-11-17,169.64470427450067
2023-11-20,170.80134080374526
2023-11-21,170.55872669429175
2023-11-22,171.4827985621483
2023-11-24,171.55454295284494
2023-11-27,171.22805236184618
2023-11-28,171.50822712557112
2023-11-29,171.28495900236794
2023-11-30,171.91003143267534
2023-12-01,172.8746793101648
2023-12-04,171.92749247598556
2023-12-05,171.87928734068544
2023-12-06,171.2675673539302
2023-12-07,172.9305073884453
2023-12-08,173.442941461516
2023-12-11,173.87394864191015
2023-12-12,174.37975075688936
2023-12-13,176.65433384296935
2023-12-14,177.08427908647548
2023-12-15,177.02331620867287
2023-12-18,177.87626282853944
2023-12-19,179.01423036395508
2023-12-20,176.67939846158586
2023-12-21,178.4845120560215
2023-12-22,178.808254866754
2023-12-26,179.48226612958797
2023-12-27,179.66144128305544
2023-12-28,179.7408885407659
2023-12-29,179.18232976852659
2024-01-02,178.25683044702353
2024-01-03,176.9991517209728
2024-01-04,176.24565567756287
2024-01-05,176.4361605860034
2024-01-08,178.76092977162753
2024-01-09,178.50884066758505
2024-01-10,179.49656847563045
2024-01-11,179.22795781297117
2024-01-12,179.3824761376796
2024-01-16,178.50371922373833
2024-01-17,177.49702857302907
2024-01-18,178.9738369946661
2024-01-19,181.03044772642295
2024-01-22,181.35758811041785
2024-01-23,181.9104545693747
2024-01-24,181.89037783501203
2024-01-25,182.9690538933484
2024-01-26,182.99633551670632
2024-01-29,184.31222937154206
2024-01-30,184.067245178005
2024-01-31,180.61265796679834
2024-02-01,182.77530492804058
2024-02-02,184.59187454226006
2024-02-05,183.70447805137883
2024-02-06,184.38949257058164
2024-02-07,185.78964702316097
2024-02-08,185.98435020020415
2024-02-09,186.98470718582882
2024-02-12,186.75353799125932
2024-02-13,184.0927393018369
2024-02-14,185.73794604176874
2024-02-15,186.76412853225182
2024-02-16,185.807133338684
2024-02-20,184.96545580108813
2024-02-21,185.51322267479313
2024-02-22,188.37470199930615
2024-02-23,188.42943771873124
2024-02-26,187.27567426559526
2024-02-27,187.75651947553774
2024-02-28,187.43396325551325
2024-02-29,188.40843992449328
2024-03-01,189.38299135928
2024-03-04,188.63395273419525
2024-03-05,186.67440220271706
2024-03-06,187.358595490215
2024-03-07,188.93137022469986
2024-03-08,188.4257084566122
2024-03-11,188.50101906088688
2024-03-12,190.13133378693155
2024-03-13,190.00946032179422
2024-03-14,189.882810040778
2024-03-15,188.5834484436415
2024-03-18,190.09610172615382
2024-03-19,191.05513261631174
2024-03-20,192.78218551375173
2024-03-21,193.0813817793315
2024-03-22,192.64281168648216
2024-03-25,191.9807243671945
2024-03-26,191.7510735338418
2024-03-27,193.64836023326964
2024-03-28,193.82484207171348
2024-04-01,193.6246017304939
2024-04-02,192.28475712148872
2024-04-03,192.58616475543192
2024-04-04,190.36211635140862
2024-04-05,192.36681840945224
2024-04-08,192.53655063066358
2024-04-09,193.0326532789302
2024-04-10,191.07626876738271
2024-04-11,192.26765861486228
2024-04-12,189.6510314568207
2024-04-15,187.42186009987213
2024-04-16,186.79765512288867
2024-04-17,186.17486579452623
2024-04-18,185.74186949545864
2024-04-19,184.99151150621083
2024-04-22,186.4287579971447
2024-04-23,188.47415904729147
2024-04-24,188.85038374817222
2024-04-25,187.3879938361372
2024-04-26,189.65665803656364
2024-04-29,189.9204253477593
2024-04-30,186.9301187374694
2024-05-01,186.86483756551826
2024-05-02,188.54272083967496
2024-05-03,190.5286504986595
2024-05-06,192.21241935225447
2024-05-07,192.75301544271835
2024-05-08,192.5890943045926
2024-05-09,193.8162978349136
2024-05-10,193.87060569875112
2024-05-13,193.75366818479753
2024-05-14,194.64222052306658
2024-05-15,196.671586566798
2024-05-16,196.44254944968986
2024-05-17,197.0270679681137
2024-05-20,196.96369998114292
2024-05-21,197.5109853638057
2024-05-22,196.94866866882032
2024-05-23,194.45539913758515
2024-05-24,195.65558273992593
2024-05-28,195.08159470930286
2024-05-29,193.60652373312968
2024-05-30,192.71231194436345
2024-05-31,194.31687755765668
2024-06-03,194.1011811113746
2024-06-04,194.32554113777488
2024-06-05,196.0577376470304
2024-06-06,196.25653273143215
2024-06-07,195.89013843584
2024-06-10,196.36529177421582
2024-06-11,196.92636972814606
2024-06-12,198.58613414251977
2024-06-13,198.50210788508718
2024-06-14,198.36270824772737
2024-06-17,199.73144369887643
2024-06-18,200.0981172618732
2024-06-20,199.830419000888
2024-06-21,199.78560853020707
2024-06-24,199.3596081930435
2024-06-25,200.40515824957347
2024-06-26,200.70479129381886
2024-06-27,200.98297248497556
2024-06-28,199.9099344511086
2024-07-01,200.50587400376835
2024-07-02,201.81286988144151
2024-07-03,202.71676569524965
2024-07-05,204.12726891558623
2024-07-08,204.14788726525467
2024-07-09,204.34787474035622
2024-07-10,206.45292494674362
2024-07-11,204.49706478470074
2024-07-12,205.56356305712376
2024-07-15,206.23149566523983
2024-07-16,207.40696793227448
2024-07-17,204.48576105637582
2024-07-18,202.77302359337858
2024-07-19,201.46719941511813
2024-07-22,203.72260783455158
2024-07-23,203.48966232372044
2024-07-24,198.3769657255392
2024-07-25,197.0576741726227
2024-07-26,199.13544398121886
2024-07-29,199.45025914900987
2024-07-30,198.5528993427596
2024-07-31,201.57342594688737
2024-08-01,198.95789219853896
2024-08-02,195.1664892927763
2024-08-05,189.1463121923769
2024-08-06,191.02395586223895
2024-08-07,189.6335380488464
2024-08-08,193.992104230262
2024-08-09,195.00074518133616
2024-08-12,194.8983310142194
2024-08-13,198.1531208253095
2024-08-14,198.66495266888148
2024-08-15,201.87952103100648
2024-08-16,202.34803217784153
2024-08-19,204.37150106741225
2024-08-20,204.0016148357618
2024-08-21,204.79416581692612
2024-08-22,202.97380661523766
2024-08-23,205.35658601531875
2024-08-26,204.78357143826193
2024-08-27,204.98915146395333
2024-08-28,203.73898020298634
2024-08-29,203.6903264889161
2024-08-30,205.78387479780486
2024-09-03,201.36904155920615
2024-09-04,201.00772650958953
2024-09-05,200.48799816066548
2024-09-06,196.82581645747806
2024-09-09,198.86714517197314
2024-09-10,199.83963440768605
2024-09-11,201.98317420917834
2024-09-12,203.69860825009286
2024-09-13,204.90614507853647
2024-09-16,205.28178387626812
2024-09-17,205.39381660231427
2024-09-18,204.9042035386875
2024-09-19,208.3606756324444
2024-09-20,208.1019368421544
2024-09-23,208.60145478647812
2024-09-24,209.0951453716317
2024-09-25,208.71381121388865
2024-09-26,209.5450556580222
2024-09-27,209.4011781047763
2024-09-30,210.33299831394254
2024-10-01,208.59583415484275
2024-10-02,208.50956063353476
2024-10-03,208.159934810608
2024-10-04,210.0765170547138
2024-10-07,207.9107587048885
2024-10-08,209.88951833961315
2024-10-09,211.1538231641863
2024-10-10,210.72678432588123
2024-10-11,212.06753135789435
2024-10-14,213.71615232400453
2024-10-15,212.31034413857114
2024-10-16,213.26131289624652
2024-10-17,213.16011738302012
2024-10-18,213.89791672877752
2024-10-21,213.51534209994963
2024-10-22,213.50737355702623
2024-10-23,211.5292889675954
2024-10-24,212.0667606602002
2024-10-25,212.0956728750266
2024-10-28,212.7523332306616
2024-10-29,213.225796877273
2024-10-30,212.85941458040156
2024-10-31,208.8931967753081
2024-11-01,209.68555125695966
2024-11-04,208.98689524673847
2024-11-05,211.55468355831962
2024-11-06,217.17802012729322
2024-11-07,219.03450695576709
2024-11-08,219.87521597800628
2024-11-11,220.35154489487172
2024-11-12,219.76206240108257
2024-11-13,219.6144073127134
2024-11-14,218.11598636906163
2024-11-15,215.2470870668359
2024-11-18,216.23697585057892
2024-11-19,217.28114949134695
2024-11-20,217.19423434525532
2024-11-21,217.81311607838316
2024-11-22,218.51564434985806
2024-11-25,219.32788568457067
2024-11-26,220.61246976217058
2024-11-27,219.78306728775112
2024-11-29,220.96650590438554
2024-12-02,221.5854339736047
2024-12-03,221.76586119370052
2024-12-04,223.23950770770674
2024-12-05,222.76619340222825
2024-12-06,223.56460184725512
2024-12-09,222.0850762103865
2024-12-10,221.9021529333307
2024-12-11,224.2477562007138
2024-12-12,222.90742911897422
2024-12-13,222.79020276319815
2024-12-16,224.06164983633175
2024-12-17,223.16279073263726
2024-12-18,216.38316527227727
2024-12-19,216.16637005419065
2024-12-20,218.53615754433494
2024-12-23,220.16841042648772
2024-12-24,222.61655572522884
2024-12-26,222.508997820871
2024-12-27,219.96762834240835
2024-12-30,217.630205059573
2024-12-31,216.59459475897003
2025-01-02,216.19284101644416
2025-01-03,218.9563082419358
2025-01-06,220.41532441179737
2025-01-07,217.92518452190467
2025-01-08,218.22430510777448
2025-01-10,214.92621467122902
2025-01-13,215.1419561325261
2025-01-14,215.31229263539223
2025-01-15,219.4692453031315
2025-01-16,218.95977241397148
2025-01-17,221.22586764098787
2025-01-21,223.21420242672949
2025-01-22,224.44770704275666
2025-01-23,225.5197812408062
2025-01-24,225.10720683852261
2025-01-27,221.45828924623038
2025-01-28,223.6482853670267
2025-01-29,222.74204017227217
2025-01-30,224.33582020782717
2025-01-31,223.43749324350836
2025-02-03,221.67086136367038
2025-02-04,223.46972985502762
2025-02-05,223.5062249026424
2025-02-06,224.35399896362068
2025-02-07,222.00244600120976
2025-02-10,223.4988312761157
2025-02-11,223.43108592335375
2025-02-12,222.7924022087112
2025-02-13,225.24060824036337
2025-02-14,225.2391140331572
2025-02-18,225.67418825539215
2025-02-19,226.19345932348813
2025-02-20,224.9410810999792
2025-02-21,220.8352343649222
2025-02-24,219.7464126549787
2025-02-25,218.53061663173804
2025-02-26,218.36791664739016
2025-02-27,214.84018424972498
2025-02-28,218.22946835983709
2025-03-03,214.4046410337083
2025-03-04,211.9256642870221
2025-03-05,214.35105144676808
2025-03-06,210.50754219616928
2025-03-07,211.6537325181313
2025-03-10,205.58143130670175
2025-03-11,204.02327410274154
2025-03-12,205.20536939864536
2025-03-13,202.17960811930084
2025-03-14,206.4638594265844
2025-03-17,207.7447075661642
2025-03-18,205.304721470608
2025-03-19,207.6606152178994
2025-03-20,207.22389234664448
2025-03-21,207.44859429967954
2025-03-24,211.3312276382767
2025-03-25,211.7552263333446
2025-03-26,209.1050001622726
2025-03-27,208.1585784897496
2025-03-28,203.7692378278191
2025-03-31,204.8468913297815
2025-04-01,205.81847776695966
2025-04-02,207.2498356124781
2025-04-03,197.06187234108958
2025-04-04,185.4462383859646
2025-04-07,185.16555119011562
2025-04-08,182.23986232251718
2025-04-09,199.7875252886814
2025-04-10,192.84549796735897
2025-04-11,196.3830819166234
2025-04-14,197.95196424670326
2025-04-15,197.43712471215417
2025-04-16,192.97281123132305
2025-04-17,193.2245250311434
2025-04-21,188.54589680189366
2025-04-22,193.3236565238733
2025-04-23,196.7057104266939
2025-04-24,200.7098397119317
2025-04-25,202.22258043148972
2025-04-28,202.29549137077015
2025-04-29,203.40205024205082
2025-04-30,203.55636964796005
2025-05-01,204.91617223593136
2025-05-02,208.01883520048116
2025-05-05,206.78741901187232
2025-05-06,205.18065738319234
2025-05-07,205.3791694420011
2025-05-08,206.8246236085828
2025-05-09,206.58043999863702
2025-05-12,213.50592171622745
2025-05-13,215.16007470074206
2025-05-14,215.71192031759
2025-05-15,216.31198166979192
2025-05-16,217.9250575244691
2025-05-19,218.1276075114082
2025-05-20,217.15104707073013
2025-05-21,213.96064639934
2025-05-22,214.0232429373609
2025-05-23,212.5447698689395
2025-05-27,217.01195884997895
2025-05-28,215.8526295755255
2025-05-29,216.64561160118572
2025-05-30,216.66168494226946
2025-06-02,217.39767919266168
2025-06-03,218.4646311436459
2025-06-04,218.56868972679072
2025-06-05,217.40343749589667
2025-06-06,219.88535235895753
2025-06-09,220.21349094941579
2025-06-10,221.53672912429982
2025-06-11,220.817231778395
2025-06-12,221.56335526977605
2025-06-13,219.13045279080237
2025-06-16,221.21581594815441
2025-06-17,219.35544502518843
2025-06-18,219.19285502182754
2025-06-20,218.31674745287555
2025-06-23,220.27193273181638
2025-06-24,222.77311452799142
2025-06-25,222.86149981956083
2025-06-26,224.7101503266112
2025-06-27,226.06583795918596
2025-06-30,227.1754891431947
2025-07-01,226.99386520815113
2025-07-02,228.26893984614563
2025-07-03,230.1483398597022
2025-07-07,228.277516943005
2025-07-08,227.93378464039796
2025-07-09,229.401570215534
2025-07-10,230.12900447968585
2025-07-11,229.50331077908177
2025-07-14,229.9458979738048
2025-07-15,229.03818482075718
2025-07-16,229.86765333510454
2025-07-17,231.0943115658692
2025-07-18,231.3110035068237
2025-07-21,231.82882988217654
2025-07-22,232.0556393104422
2025-07-23,233.82639407388962
2025-07-24,234.07015053664796
2025-07-25,235.10581045698564
2025-07-28,235.14660620361312
2025-07-29,234.60985524205293
2025-07-30,234.35870049051323
2025-07-31,233.52083826734105
2025-08-01,229.6902203665526
2025-08-04,233.26179415292674
2025-08-05,232.19506957127246
2025-08-06,233.9491250971447
2025-08-07,233.8297110204704
2025-08-08,235.80376611217244
2025-08-11,235.26527846428337
2025-08-12,237.9675663613746
2025-08-13,238.51045226031823
2025-08-14,238.54359263806364
2025-08-15,237.95673060878863
2025-08-18,237.87806163829842
2025-08-19,236.34280669056773
2025-08-20,235.656942907497
2025-08-21,234.75410390117233
2025-08-22,238.5488412051021
2025-08-25,237.69750904532532
2025-08-26,238.61287911356715
2025-08-27,239.1027531880569
2025-08-28,240.0712562553572
2025-08-29,238.65430921565843
2025-09-02,237.00620935267787
2025-09-03,239.11213345767507
2025-09-04,241.14559623498457
2025-09-05,240.5660660744708
2025-09-08,241.1406464307526
2025-09-09,242.07915653254375
2025-09-10,243.09979210053535
2025-09-11,245.14242482318846
2025-09-12,245.04357125130474
2025-09-15,246.7268514426982
2025-09-16,246.51266141350501
2025-09-17,246.1904229905975
2025-09-18,247.47207928762296
2025-09-19,248.7981821066644
2025-09-22,249.7485839370317
2025-09-23,248.3489537825293
2025-09-24,247.4139846689153
2025-09-25,246.04642093750218
2025-09-26,247.43856501305922
2025-09-29,248.0073518738629
2025-09-30,248.8755451895868
2025-10-01,249.86238901805945
2025-10-02,249.99898811199563
2025-10-03,249.9581175663938
2025-10-06,251.07623076027411
2025-10-07,249.86206478256244
2025-10-08,251.14457168515975
2025-10-09,250.2988839078919
2025-10-10,243.58110904909717
2025-10-13,247.61328990401924
2025-10-14,247.41164823395795
2025-10-15,248.75311251981822
2025-10-16,247.2973653276854
2025-10-17,248.47814276898782
2025-10-20,251.0154155363621
2025-10-21,250.71663023088408
2025-10-22,249.67198564762708
2025-10-23,251.19214850807694
2025-10-24,253.4796325581083
2025-10-27,256.87208521693645
2025-10-28,257.2767600530224
2025-10-29,257.5354913152454
2025-10-30,255.24132845842396
2025-10-31,255.93406174978165
2025-11-03,256.54038565129594
2025-11-04,253.34127796315533
2025-11-05,254.62218626343082
2025-11-06,251.9057161665702
2025-11-07,251.93388769973137
2025-11-10,256.1330405064564
2025-11-11,256.66050851397864
2025-11-12,256.46578512999855
2025-11-13,251.9240174435947
2025-11-14,251.76033163260078
2025-11-17,250.05219311955932
2025-11-18,248.08115035559587
2025-11-19,249.39546576260324
2025-11-20,245.6252208824275
2025-11-21,248.32225487289134
2025-11-24,252.93338963851815
2025-11-25,255.41108036065046
2025-11-26,256.9490214092887
2025-11-28,258.26281162596115
2025-12-01,256.71488085690777
2025-12-02,257.3556976983466
2025-12-03,258.3897920542789
2025-12-04,258.60678204438886
2025-12-05,259.2906029705489
2025-12-08,258.0438695189065
2025-12-09,258.06232547098455
2025-12-10,259.8379549587821
2025-12-11,259.89075686581356
2025-12-12,257.1431659396975
2025-12-15,256.79176273645623
2025-12-16,256.1806567104164
2025-12-17,252.85541109400867
2025-12-18,255.07241844224473
2025-12-19,257.3765012609086
2025-12-22,259.08240393217613
2025-12-23,260.33155510332415
2025-12-24,261.116664667558
2025-12-26,260.98700082558673
2025-12-29,260.1086353624898
2025-12-30,259.7887375096818
2025-12-31,257.94909320597657
2026-01-02,258.47999427389163
2026-01-05,260.1597791918239
2026-01-06,261.54106890195254
2026-01-07,261.03286571338276
2026-01-08,261.2646351738379
2026-01-09,263.0466767995839
2026-01-12,263.6451317660302
2026-01-13,263.35525103708324
2026-01-14,262.00141231001356
2026-01-15,262.432092008018
2026-01-16,262.0977255170955
2026-01-20,256.6028025196822
2026-01-21,259.6741034133805
2026-01-22,261.19497077621827
2026-01-23,261.10231943682953
2026-01-26,262.55986564916475
2026-01-27,263.52451096948806
2026-01-28,263.52055278787566
2026-01-29,263.42699710930424
2026-01-30,262.37735693700256
2026-02-02,264.02417684144626
2026-02-03,261.7759667699881
2026-02-04,260.1506885188128
2026-02-05,256.9606418476933
2026-02-06,261.2093554587411
2026-02-09,262.4652750878643
2026-02-10,261.3975509740322
2026-02-11,260.9978761468575
2026-02-12,257.10230554261557
2026-02-13,257.1008038323713
2026-02-17,257.05457357866777
2026-02-18,258.4221616919239
2026-02-19,257.6967599525311
2026-02-20,259.8918210699222
2026-02-23,257.116847562751
2026-02-24,258.94949476722184
2026-02-25,261.0194793091794
2026-02-26,259.48001907250324
2026-02-27,258.7168124556108
2026-03-02,258.49690296018866
2026-03-03,256.0905800064263
2026-03-04,258.0057022536192
2026-03-05,256.51605116844263
2026-03-06,253.20377432213292
2026-03-09,255.51158915065474
2026-03-10,255.0302272738996
2026-03-11,254.94204650488422
2026-03-12,251.040765568831
